{"streak": 0, "isSkillCheck": false, "snoozeTime": null, "secondsPerFastProblem": 4.0, "exerciseStates": {"struggling": false, "proficient": false, "practiced": false, "mastered": false}, "practicedDate": null, "lastDone": "2018-12-06T08:22:25Z", "maximumExerciseProgress": {"practiced": false, "mastered": false, "level": "unstarted"}, "lastCountHints": 0, "updatedRecommendations": null, "longestStreak": 0, "proficientDate": null, "MASTERY_CARD_SUPERPROMOTE_THRESHOLD": 0.85, "contentKind": "UserExercise", "lastAttemptNumber": 0, "exercise": "count-from-any-number", "totalDone": 1, "maximumExerciseProgressDt": null, "lastMasteryUpdate": null, "exerciseModel": {"imageUrl_256": "https://cdn.kastatic.org/ka-exercise-screenshots/count-from-any-number_256.png", "isSkillCheck": false, "translatedPrettyDisplayName": "Missing numbers", "customDescriptionTag": "", "translatedCustomTitleTag": "", "tutorialOnly": false, "thumbnailData": {"url": "", "skipFilter": false, "titleText": "", "gcsName": "/ka_thumbnails/count-from-any-number.png"}, "relativeUrl": "/exercise/count-from-any-number", "difficultyLevel": null, "allAssessmentItems": [{"perseusApiMajorVersion": null, "sha": "5820f2ebf3fd7ac8de87bfbe60fdc906aaddd28e", "live": true, "id": "x78544b7df66f03be", "requiresScreenOrMouse": false}, {"perseusApiMajorVersion": null, "sha": "f51dfe2b396bf78585df6b46397ed4d67925dad1", "live": true, "id": "x3e1b537d0764c92f", "requiresScreenOrMouse": false}, {"perseusApiMajorVersion": null, "sha": "0f339d5e15a6ca55b7525fcb53cc952f1bdb9216", "live": true, "id": "x3107f5e82579ee81", "requiresScreenOrMouse": false}, {"perseusApiMajorVersion": null, "sha": "f2b88d24d8383e757385992428425b46f8011216", "live": true, "id": "x95bba49cd01086f6", "requiresScreenOrMouse": false}, {"perseusApiMajorVersion": null, "sha": "c08ee015196ee5923d5e1daf1bd3c7b9c20375e4", "live": true, "id": "x3c0f2985cd4dc066", "requiresScreenOrMouse": false}, {"perseusApiMajorVersion": null, "sha": "facb7c830289df999bc23ec5c651326dca1b5fc2", "live": true, "id": "x6ae3646540241f43", "requiresScreenOrMouse": false}, {"perseusApiMajorVersion": null, "sha": "996326325205e68615e69c3253b424aae16c66ad", "live": true, "id": "x155fb03ea933566d", "requiresScreenOrMouse": false}, {"perseusApiMajorVersion": null, "sha": "7e38dc6164d4a2058aaf8af664060586329c1ad7", "live": true, "id": "x80c9323819d2c3f1", "requiresScreenOrMouse": false}, {"perseusApiMajorVersion": null, "sha": "d0b7bbefd3561adaa32ee9d3a96d08c6a1b4f090", "live": true, "id": "xf0189ee97a811064", "requiresScreenOrMouse": false}, {"perseusApiMajorVersion": null, "sha": "a823ffc403ec7b05214b1840f959e129724412a9", "live": true, "id": "x0584975a0e91492d", "requiresScreenOrMouse": false}, {"perseusApiMajorVersion": null, "sha": "694550f7a146a2bf83a80983d0157cbcd7fa41f7", "live": true, "id": "x6d6035ef02c26ad6", "requiresScreenOrMouse": false}, {"perseusApiMajorVersion": null, "sha": "f76df12452b025788ffd199cdede9231b358b744", "live": true, "id": "x3191e2eed0efc97c", "requiresScreenOrMouse": false}, {"perseusApiMajorVersion": null, "sha": "eb87c18afebb6fc82a5b7c3fe39a022ad6308f80", "live": true, "id": "xa343fdb879f1441d", "requiresScreenOrMouse": false}, {"perseusApiMajorVersion": null, "sha": "59587bc0d886e66153d243caf0f7603567eeca47", "live": true, "id": "x3fed6f6a003722e3", "requiresScreenOrMouse": false}, {"perseusApiMajorVersion": null, "sha": "21a6f28ac3aed7f09fafdfa2a6e15eadbd150356", "live": true, "id": "x6244f94195116640", "requiresScreenOrMouse": false}, {"perseusApiMajorVersion": null, "sha": "f256ba5902aaf37a71d0591dc65d8ece6db5497f", "live": true, "id": "x685b0f2d93e44105", "requiresScreenOrMouse": false}, {"perseusApiMajorVersion": null, "sha": "1b308b3ae6066faa84da3b42aab2486435349609", "live": true, "id": "x1cd1e6c89dfc60b9", "requiresScreenOrMouse": false}, {"perseusApiMajorVersion": null, "sha": "ddfb6e0a2993ce2ee64eac9fad6fd27792d5e8fb", "live": true, "id": "x288a5f231f68b761", "requiresScreenOrMouse": false}], "customTitleTag": "", "covers": [], "currentRevisionKey": "5c78279bbd984bf9faa8b8a9b275d6e876f2048e", "trackingDocumentUrl": null, "hasCustomThumbnail": true, "translatedCustomDescriptionTag": "", "alternateSlugs": [], "translatedShortDisplayName": "Missing num", "conceptTagsInfo": [{"displayName": "Counting", "id": "Tag:x731f236a6d33f0ff", "slug": "counting"}], "id": "x3b1bceb9", "description": "Find the missing number in a list of numbers. Numbers used are 20 or less.", "summative": false, "importedFromSha": null, "doNotPublish": false, "hide": false, "secondsPerFastProblem": 4.0, "vPosition": -1, "authorKey": "ag5zfmtoYW4tYWNhZGVteXJUCxIIVXNlckRhdGEiRnVzZXJfaWRfa2V5X2h0dHA6Ly9pZC5raGFuYWNhZGVteS5vcmcvNjUwMTI3MWRkYjI0NGQwMzkyMmEyYjgxZTk5ODhlNGIM", "live": true, "conceptTags": ["Tag:x731f236a6d33f0ff"], "authorName": "Gail Hargrave", "assessmentItemTags": ["ag5zfmtoYW4tYWNhZGVteXI2CxIRQXNzZXNzbWVudEl0ZW1UYWciATAMCxIRQXNzZXNzbWVudEl0ZW1UYWcYgICAgIXsqQoM", "ag5zfmtoYW4tYWNhZGVteXI2CxIRQXNzZXNzbWVudEl0ZW1UYWciATAMCxIRQXNzZXNzbWVudEl0ZW1UYWcYgICAwIKTqAoM"], "deletedModTime": null, "descriptionHtml": "Find the missing number in a list of numbers. Numbers used are 20 or less.", "progressKey": "ex3b1bceb9", "globalId": "ex3b1bceb9", "usesAssessmentItems": true, "contentKind": "Exercise", "dateModified": "2018-10-25T21:59:04Z", "listed": true, "problemTypes": [{"relatedVideos": [], "items": [{"perseusApiMajorVersion": null, "sha": "5820f2ebf3fd7ac8de87bfbe60fdc906aaddd28e", "live": true, "id": "x78544b7df66f03be", "requiresScreenOrMouse": false}, {"perseusApiMajorVersion": null, "sha": "f51dfe2b396bf78585df6b46397ed4d67925dad1", "live": true, "id": "x3e1b537d0764c92f", "requiresScreenOrMouse": false}, {"perseusApiMajorVersion": null, "sha": "0f339d5e15a6ca55b7525fcb53cc952f1bdb9216", "live": true, "id": "x3107f5e82579ee81", "requiresScreenOrMouse": false}, {"perseusApiMajorVersion": null, "sha": "f2b88d24d8383e757385992428425b46f8011216", "live": true, "id": "x95bba49cd01086f6", "requiresScreenOrMouse": false}, {"perseusApiMajorVersion": null, "sha": "c08ee015196ee5923d5e1daf1bd3c7b9c20375e4", "live": true, "id": "x3c0f2985cd4dc066", "requiresScreenOrMouse": false}, {"perseusApiMajorVersion": null, "sha": "facb7c830289df999bc23ec5c651326dca1b5fc2", "live": true, "id": "x6ae3646540241f43", "requiresScreenOrMouse": false}, {"perseusApiMajorVersion": null, "sha": "996326325205e68615e69c3253b424aae16c66ad", "live": true, "id": "x155fb03ea933566d", "requiresScreenOrMouse": false}, {"perseusApiMajorVersion": null, "sha": "7e38dc6164d4a2058aaf8af664060586329c1ad7", "live": true, "id": "x80c9323819d2c3f1", "requiresScreenOrMouse": false}, {"perseusApiMajorVersion": null, "sha": "d0b7bbefd3561adaa32ee9d3a96d08c6a1b4f090", "live": true, "id": "xf0189ee97a811064", "requiresScreenOrMouse": false}, {"perseusApiMajorVersion": null, "sha": "a823ffc403ec7b05214b1840f959e129724412a9", "live": true, "id": "x0584975a0e91492d", "requiresScreenOrMouse": false}], "name": "0-20, Type 1"}, {"relatedVideos": [], "items": [{"perseusApiMajorVersion": null, "sha": "694550f7a146a2bf83a80983d0157cbcd7fa41f7", "live": true, "id": "x6d6035ef02c26ad6", "requiresScreenOrMouse": false}, {"perseusApiMajorVersion": null, "sha": "f76df12452b025788ffd199cdede9231b358b744", "live": true, "id": "x3191e2eed0efc97c", "requiresScreenOrMouse": false}, {"perseusApiMajorVersion": null, "sha": "eb87c18afebb6fc82a5b7c3fe39a022ad6308f80", "live": true, "id": "xa343fdb879f1441d", "requiresScreenOrMouse": false}, {"perseusApiMajorVersion": null, "sha": "59587bc0d886e66153d243caf0f7603567eeca47", "live": true, "id": "x3fed6f6a003722e3", "requiresScreenOrMouse": false}, {"perseusApiMajorVersion": null, "sha": "21a6f28ac3aed7f09fafdfa2a6e15eadbd150356", "live": true, "id": "x6244f94195116640", "requiresScreenOrMouse": false}, {"perseusApiMajorVersion": null, "sha": "f256ba5902aaf37a71d0591dc65d8ece6db5497f", "live": true, "id": "x685b0f2d93e44105", "requiresScreenOrMouse": false}, {"perseusApiMajorVersion": null, "sha": "1b308b3ae6066faa84da3b42aab2486435349609", "live": true, "id": "x1cd1e6c89dfc60b9", "requiresScreenOrMouse": false}, {"perseusApiMajorVersion": null, "sha": "ddfb6e0a2993ce2ee64eac9fad6fd27792d5e8fb", "live": true, "id": "x288a5f231f68b761", "requiresScreenOrMouse": false}], "name": "0-20, Type 2"}], "translatedDisplayName": "Missing numbers", "creationDate": "2017-09-21T11:56:50Z", "editSlug": "edit/e/x3b1bceb9", "sourceLanguage": "en", "deleted": false, "usesWorkedExamples": false, "translatedDescription": "Find the missing number in a list of numbers. Numbers used are 20 or less.", "fileName": null, "translatedProblemTypes": [{"relatedVideos": [], "items": [{"perseusApiMajorVersion": null, "sha": "5820f2ebf3fd7ac8de87bfbe60fdc906aaddd28e", "live": true, "id": "x78544b7df66f03be", "requiresScreenOrMouse": false}, {"perseusApiMajorVersion": null, "sha": "f51dfe2b396bf78585df6b46397ed4d67925dad1", "live": true, "id": "x3e1b537d0764c92f", "requiresScreenOrMouse": false}, {"perseusApiMajorVersion": null, "sha": "0f339d5e15a6ca55b7525fcb53cc952f1bdb9216", "live": true, "id": "x3107f5e82579ee81", "requiresScreenOrMouse": false}, {"perseusApiMajorVersion": null, "sha": "f2b88d24d8383e757385992428425b46f8011216", "live": true, "id": "x95bba49cd01086f6", "requiresScreenOrMouse": false}, {"perseusApiMajorVersion": null, "sha": "c08ee015196ee5923d5e1daf1bd3c7b9c20375e4", "live": true, "id": "x3c0f2985cd4dc066", "requiresScreenOrMouse": false}, {"perseusApiMajorVersion": null, "sha": "facb7c830289df999bc23ec5c651326dca1b5fc2", "live": true, "id": "x6ae3646540241f43", "requiresScreenOrMouse": false}, {"perseusApiMajorVersion": null, "sha": "996326325205e68615e69c3253b424aae16c66ad", "live": true, "id": "x155fb03ea933566d", "requiresScreenOrMouse": false}, {"perseusApiMajorVersion": null, "sha": "7e38dc6164d4a2058aaf8af664060586329c1ad7", "live": true, "id": "x80c9323819d2c3f1", "requiresScreenOrMouse": false}, {"perseusApiMajorVersion": null, "sha": "d0b7bbefd3561adaa32ee9d3a96d08c6a1b4f090", "live": true, "id": "xf0189ee97a811064", "requiresScreenOrMouse": false}, {"perseusApiMajorVersion": null, "sha": "a823ffc403ec7b05214b1840f959e129724412a9", "live": true, "id": "x0584975a0e91492d", "requiresScreenOrMouse": false}], "name": "0-20, Type 1"}, {"relatedVideos": [], "items": [{"perseusApiMajorVersion": null, "sha": "694550f7a146a2bf83a80983d0157cbcd7fa41f7", "live": true, "id": "x6d6035ef02c26ad6", "requiresScreenOrMouse": false}, {"perseusApiMajorVersion": null, "sha": "f76df12452b025788ffd199cdede9231b358b744", "live": true, "id": "x3191e2eed0efc97c", "requiresScreenOrMouse": false}, {"perseusApiMajorVersion": null, "sha": "eb87c18afebb6fc82a5b7c3fe39a022ad6308f80", "live": true, "id": "xa343fdb879f1441d", "requiresScreenOrMouse": false}, {"perseusApiMajorVersion": null, "sha": "59587bc0d886e66153d243caf0f7603567eeca47", "live": true, "id": "x3fed6f6a003722e3", "requiresScreenOrMouse": false}, {"perseusApiMajorVersion": null, "sha": "21a6f28ac3aed7f09fafdfa2a6e15eadbd150356", "live": true, "id": "x6244f94195116640", "requiresScreenOrMouse": false}, {"perseusApiMajorVersion": null, "sha": "f256ba5902aaf37a71d0591dc65d8ece6db5497f", "live": true, "id": "x685b0f2d93e44105", "requiresScreenOrMouse": false}, {"perseusApiMajorVersion": null, "sha": "1b308b3ae6066faa84da3b42aab2486435349609", "live": true, "id": "x1cd1e6c89dfc60b9", "requiresScreenOrMouse": false}, {"perseusApiMajorVersion": null, "sha": "ddfb6e0a2993ce2ee64eac9fad6fd27792d5e8fb", "live": true, "id": "x288a5f231f68b761", "requiresScreenOrMouse": false}], "name": "0-20, Type 2"}], "authorList": [], "sponsored": false, "isQuiz": false, "shortDisplayName": "Missing num", "curatedRelatedVideos": ["xfce734f6"], "nodeSlug": "e/count-from-any-number", "tags": [], "hPosition": -38, "authorNames": [], "kind": "Exercise", "sha1": "dd1189765e0c1123401cf285eff3480c5efc1753", "displayName": "Missing numbers", "name": "count-from-any-number", "translatedDescriptionHtml": "Find the missing number in a list of numbers. Numbers used are 20 or less.", "prerequisites": ["counting-out-1-20-objects"], "contentId": "x3b1bceb9", "relatedContent": ["video:xfce734f6"], "title": "Missing numbers", "backupTimestamp": null, "kaUrl": "https://www.khanacademy.org/exercise/count-from-any-number", "suggestedCompletionCriteria": "num_problems_7", "sha": "5c78279bbd984bf9faa8b8a9b275d6e876f2048e", "prettyDisplayName": "Missing numbers", "imageUrl": "https://cdn.kastatic.org/ka-exercise-screenshots/count-from-any-number.png", "translatedTitle": "Missing numbers"}, "practiced": false, "struggling": false, "exerciseProgress": {"practiced": false, "mastered": false, "level": "unstarted"}, "promotions": {}, "kind": "UserExercise", "totalCorrect": 0, "masteryPoints": 0, "clearStrugglingIndicators": false, "backupTimestamp": "2018-12-06T07:59:02Z", "mastered": false, "fpmMasteryLevel": "unfamiliar", "kaid": "kaid_741905477727336920941168", "actionResults": {"badgeCounts": {"0": 1, "1": 0, "2": 0, "3": 0, "4": 0, "5": 0}, "notificationsAdded": {"toast": [], "readable": [], "urgent": [{"MANY_PROBLEMS": 2, "translatedButtonText": null, "MANY_POINTS": 6, "openInNewTab": true, "text": null, "notificationClass": null, "userId": "kaid_741905477727336920941168", "MANY_SCRATCHPADS": 7, "scratchpadCount": null, "chevron": false, "notificationKind": 1, "badgesCount": 1, "urlsafeKey": "ag5zfmtoYW4tYWNhZGVteXIdCxIQQmFzZU5vdGlmaWNhdGlvbhiAgOqRtsHpCAw", "problemNumber": 1, "priority": 6, "removable": true, "translatedText": null, "achievementsUrl": null, "exerciseDisplayName": "Missing numbers", "class_": ["BaseNotification", "UrgentNotification", "PhantomNotification"], "link": null, "date": "2018-12-06T08:22:26Z", "brandNew": true, "SOME_VIDEO": 8, "kind": "BaseNotification", "FIRST_PROBLEM": 1, "url": null, "buttonText": null, "PROFICIENCY": 3, "LATER_BADGE": 5, "points": 576, "FINISHED_VIDEO": 9, "translatedExerciseDisplayName": "Missing numbers", "kaid": "kaid_741905477727336920941168", "FIRST_BADGE": 4}], "avatarParts": [], "continueUrl": "https://www.khanacademy.org/math/early-math/cc-early-math-counting-topic/cc-early-math-numbers-120/e/count-from-any-number", "badges": []}, "attemptCorrect": true, "tutorialNodeProgress": [{"progress": "started", "id": "e/count-from-any-number"}], "pointsEarned": {"points": 0}, "userProfile": {"countVideosCompleted": 0, "countBrandNewNotifications": 2, "streakLastLength": 3, "streakLength": 3, "points": 576, "streakLastExtended": "2018-12-06"}}}