[{"url":"https://learningenglish.voanews.com/a/lets-learn-english-lesson-one/3111026.html","mimeType":"text/html","path":"learningenglish.voanews.com/a_lets-learn-english-lesson-one_3111026.html","headers":{"cache-control":"public, max-age=300","content-encoding":"gzip","content-language":"en","content-length":"17278","content-type":"text/html; charset=utf-8","date":"Mon, 24 Dec 2018 12:18:44 GMT","expires":"Mon, 24 Dec 2018 12:23:44 GMT","set-cookie":"Pangea-NodeId=qT1Pq9ko+if2tCI1sPD5Ew==; expires=Tue, 24-Dec-2019 12:18:43 GMT; path=/; HttpOnly\nSessionID=2863665580.20480.0000; path=/; Httponly; Secure\nAKA_A2=A; expires=Mon, 24-Dec-2018 13:18:44 GMT; path=/; domain=voanews.com; secure; HttpOnly","status":"200","strict-transport-security":"max-age=86400","vary":"Accept-Encoding","x-ua-compatible":"IE=edge","x-xss-protection":"1; mode=block"}},{"url":"https://av.voanews.com/Videoroot/Pangeavideo/2016/05/c/c2/c2d43875-4942-4ca7-93eb-45b0d7627361.mp4","mimeType":"video/mp4","path":"av.voanews.com/Videoroot_Pangeavideo_2016_05_c_c2_c2d43875-4942-4ca7-93eb-45b0d7627361.mp4"},{"url":"https://av.voanews.com/Videoroot/Pangeavideo/2016/02/9/95/95563cd7-fdac-421c-8e41-e7d85c25d375.mp4","mimeType":"video/mp4","path":"av.voanews.com/Videoroot_Pangeavideo_2016_02_9_95_95563cd7-fdac-421c-8e41-e7d85c25d375.mp4"},{"url":"https://av.voanews.com/Videoroot/Pangeavideo/2016/02/2/23/23242e5a-9c43-48c1-a8ef-7e963241bb23.mp4","mimeType":"video/mp4","path":"av.voanews.com/Videoroot_Pangeavideo_2016_02_2_23_23242e5a-9c43-48c1-a8ef-7e963241bb23.mp4"},{"url":"https://av.voanews.com/clips/VLE/2016/02/08/49485bf8-4277-47f6-9abe-617ee2473f8c.mp3","mimeType":"audio/mp3","path":"av.voanews.com/clips_VLE_2016_02_08_49485bf8-4277-47f6-9abe-617ee2473f8c.mp3"},{"url":"https://learningenglish.voanews.com/Scripts/responsive/infographics.b?v=SoOwxR3GP1g_2rVvUJRa8ALUqwaBS2Bj7UH6Ua1r74Y1?&av=7.29.0.0&cb=107","mimeType":"application/javascript","path":"learningenglish.voanews.com/Scripts_responsive_infographics.b","headers":{"cache-control":"public, no-cache=\"Set-Cookie\", no-transform, max-age=31536000","content-encoding":"gzip","content-length":"1266","content-type":"application/javascript; charset=utf-8","date":"Mon, 24 Dec 2018 12:18:44 GMT","expires":"Tue, 24 Dec 2019 12:12:03 GMT","status":"200","strict-transport-security":"max-age=86400","vary":"Accept-Encoding","x-ua-compatible":"IE=edge","x-xss-protection":"1; mode=block"}},{"url":"https://learningenglish.voanews.com/Scripts/responsive/loader.b?v=6RR_RBAPlPBhXA2I_CLVsCYBpS1QmrKMrmzYdbRWUkQ1?&av=7.29.0.0&cb=107","mimeType":"application/javascript","path":"learningenglish.voanews.com/Scripts_responsive_loader.b","headers":{"cache-control":"public, no-transform, max-age=31536000","content-encoding":"gzip","content-length":"21813","content-type":"application/javascript; charset=utf-8","date":"Mon, 24 Dec 2018 12:18:44 GMT","expires":"Tue, 24 Dec 2019 12:17:48 GMT","status":"200","strict-transport-security":"max-age=86400","vary":"Accept-Encoding","x-ua-compatible":"IE=edge","x-xss-protection":"1; mode=block"}},{"url":"https://learningenglish.voanews.com/Content/responsive/VOA/en-US-LEARN/img/logo.png","mimeType":"image/png","path":"learningenglish.voanews.com/Content_responsive_VOA_en-US-LEARN_img_logo.png","headers":{"accept-ranges":"bytes","cache-control":"public, max-age=3600","content-length":"4548","content-type":"image/png","date":"Mon, 24 Dec 2018 12:18:44 GMT","expires":"Wed, 13 Dec 2017 10:49:34 GMT","last-modified":"Fri, 01 Dec 2017 11:35:22 GMT","status":"200","strict-transport-security":"max-age=86400","x-ua-compatible":"IE=edge","x-xss-protection":"1; mode=block"}},{"url":"https://learningenglish.voanews.com/Content/responsive/img/player-spinner.png","mimeType":"image/png","path":"learningenglish.voanews.com/Content_responsive_img_player-spinner.png","headers":{"accept-ranges":"bytes","cache-control":"public, max-age=3600","content-length":"978","content-type":"image/png","date":"Mon, 24 Dec 2018 12:18:44 GMT","expires":"Thu, 20 Dec 2018 13:30:03 GMT","last-modified":"Thu, 19 Oct 2017 08:27:11 GMT","status":"200","strict-transport-security":"max-age=86400","x-ua-compatible":"IE=edge","x-xss-protection":"1; mode=block"}},{"url":"https://learningenglish.voanews.com/Content/responsive/VOA/en-US-LEARN/VOA-en-US-LEARN.css?&av=7.29.0.0&cb=107","mimeType":"text/css","path":"learningenglish.voanews.com/Content_responsive_VOA_en-US-LEARN_VOA-en-US-LEARN.css","headers":{"accept-ranges":"bytes","cache-control":"public, no-transform, max-age=31536000","content-encoding":"gzip","content-length":"50356","content-type":"text/css","date":"Mon, 24 Dec 2018 12:18:44 GMT","expires":"Sat, 21 Dec 2019 15:36:10 GMT","last-modified":"Fri, 21 Dec 2018 12:42:59 GMT","status":"200","strict-transport-security":"max-age=86400","vary":"Accept-Encoding","x-ua-compatible":"IE=edge","x-xss-protection":"1; mode=block"}},{"url":"https://learningenglish.voanews.com/Content/responsive/VOA/en-US-LEARN/img/logo-print_color.png","mimeType":"image/png","path":"learningenglish.voanews.com/Content_responsive_VOA_en-US-LEARN_img_logo-print_color.png","headers":{"accept-ranges":"bytes","cache-control":"public, max-age=3600","content-length":"3004","content-type":"image/png","date":"Mon, 24 Dec 2018 12:18:44 GMT","expires":"Fri, 21 Dec 2018 03:19:05 GMT","last-modified":"Tue, 03 Jul 2018 08:30:53 GMT","status":"200","strict-transport-security":"max-age=86400","x-ua-compatible":"IE=edge","x-xss-protection":"1; mode=block"}},{"url":"https://gdb.voanews.com/c2d43875-4942-4ca7-93eb-45b0d7627361_tv_w250_r1.jpg","mimeType":"image/jpeg","path":"gdb.voanews.com/c2d43875-4942-4ca7-93eb-45b0d7627361_tv_w250_r1.jpg","headers":{"cache-control":"public, max-age=7200","content-length":"19852","content-type":"image/jpeg","date":"Mon, 24 Dec 2018 12:18:44 GMT","etag":"\"19852\"","gdb-fall-back":"false","pangea-nodeid":"ot5V64bS79gRek7I3ZQ6RQ==","status":"200","strict-transport-security":"max-age=86400","x-xss-protection":"1; mode=block"}},{"url":"https://gdb.voanews.com/95563cd7-fdac-421c-8e41-e7d85c25d375_tv_w250_r1.jpg","mimeType":"image/jpeg","path":"gdb.voanews.com/95563cd7-fdac-421c-8e41-e7d85c25d375_tv_w250_r1.jpg","headers":{"cache-control":"no-transform, max-age=43200","content-length":"5264","content-type":"image/jpeg","date":"Mon, 24 Dec 2018 12:18:44 GMT","etag":"\"14284\"","server":"Akamai Image Server","status":"200","strict-transport-security":"max-age=86400","x-aic2g-akamai-auth-data":"salt=2126846922960410442 parse=1 adapted=1\nsalt=2126846922960410442 parse=1 adapted=1","x-aic2g-akamai-auth-sign":"r1HLE1oxdsWnuL3Au7VwbKY9dvrF2MFxnmvjrcBYeBA=\nr1HLE1oxdsWnuL3Au7VwbKY9dvrF2MFxnmvjrcBYeBA=","x-image-server-cost-estimate":"317056","x-image-server-cost-real":"27702","x-image-server-cpu-estimate":"24","x-image-server-cpu-real":"14","x-image-server-fetch-estimate":"237","x-image-server-fetch-real":"14","x-image-server-original-size":"14284","x-image-server-product":"AIC","x-image-server-response":"request-430883-14231048-174a1eec"}},{"url":"https://gdb.voanews.com/23242e5a-9c43-48c1-a8ef-7e963241bb23_tv_w250_r1.jpg","mimeType":"image/jpeg","path":"gdb.voanews.com/23242e5a-9c43-48c1-a8ef-7e963241bb23_tv_w250_r1.jpg","headers":{"cache-control":"public, max-age=7200","content-length":"5082","content-type":"image/jpeg","date":"Mon, 24 Dec 2018 12:18:44 GMT","etag":"\"5082\"","gdb-fall-back":"false","pangea-nodeid":"YbkXDwaawxE3YKRIzzalYg==","status":"200","strict-transport-security":"max-age=86400","x-xss-protection":"1; mode=block"}},{"url":"https://gdb.voanews.com/2ABBD920-8CC7-49BC-A60F-42DF6597AC07_w250_r1_s.png","mimeType":"image/png","path":"gdb.voanews.com/2ABBD920-8CC7-49BC-A60F-42DF6597AC07_w250_r1_s.png","headers":{"cache-control":"public, max-age=21600","content-length":"22419","content-type":"image/png","date":"Mon, 24 Dec 2018 12:18:44 GMT","etag":"\"22419\"","gdb-fall-back":"false","pangea-nodeid":"2SJxGn78ZHN+5/sf4s9JiA==","status":"200","strict-transport-security":"max-age=86400","x-xss-protection":"1; mode=block"}},{"url":"https://www.youtube.com/iframe_api","mimeType":"application/javascript","path":"www.youtube.com/iframe_api","headers":{"alt-svc":"quic=\":443\"; ma=2592000; v=\"44,43,39,35\"","cache-control":"no-cache","content-length":"859","content-type":"application/javascript","date":"Mon, 24 Dec 2018 12:18:44 GMT","expires":"Tue, 27 Apr 1971 19:44:06 EST","server":"YouTube Frontend Proxy","status":"200","x-content-type-options":"nosniff","x-xss-protection":"1; mode=block; report=https://www.google.com/appserve/security-bugs/log/youtube"}},{"url":"https://gdb.voanews.com/A7EDC185-D6E8-40FD-A21C-80DDBE30BCEF_cx9_cy16_cw51_w250_r1.jpg","mimeType":"image/jpeg","path":"gdb.voanews.com/A7EDC185-D6E8-40FD-A21C-80DDBE30BCEF_cx9_cy16_cw51_w250_r1.jpg","headers":{"cache-control":"public, max-age=21600","content-length":"19733","content-type":"image/jpeg","date":"Mon, 24 Dec 2018 12:18:44 GMT","etag":"\"19733\"","gdb-fall-back":"false","pangea-nodeid":"ot5V64bS79gRek7I3ZQ6RQ==","status":"200","strict-transport-security":"max-age=86400","x-xss-protection":"1; mode=block"}},{"url":"https://gdb.voanews.com/C13575BB-3A50-4F24-B547-5391FE73A4D4_w250_r0_s.png","mimeType":"image/png","path":"gdb.voanews.com/C13575BB-3A50-4F24-B547-5391FE73A4D4_w250_r0_s.png","headers":{"cache-control":"public, max-age=21600","content-length":"81677","content-type":"image/png","date":"Mon, 24 Dec 2018 12:18:44 GMT","etag":"\"81677\"","gdb-fall-back":"false","pangea-nodeid":"ot5V64bS79gRek7I3ZQ6RQ==","status":"200","strict-transport-security":"max-age=86400","x-xss-protection":"1; mode=block"}},{"url":"https://tags.tiqcdn.com/utag/bbg/voa-pangea/prod/utag.sync.js","mimeType":"application/x-javascript","path":"tags.tiqcdn.com/utag_bbg_voa-pangea_prod_utag.sync.js","headers":{"accept-ranges":"bytes","cache-control":"max-age=300","content-encoding":"gzip","content-length":"2051","content-type":"application/x-javascript","date":"Mon, 24 Dec 2018 12:18:44 GMT","etag":"\"6256ad9294ebf87ca15cda0c8a83f71d:1545219731\"","expires":"Mon, 24 Dec 2018 12:23:44 GMT","last-modified":"Wed, 19 Dec 2018 11:42:11 GMT","server":"Apache","status":"200","vary":"Accept-Encoding"}},{"url":"https://gdb.voanews.com/E15AC072-8E10-45B9-B37E-7CDD5725AE37_w250_r1_s.jpg","mimeType":"image/jpeg","path":"gdb.voanews.com/E15AC072-8E10-45B9-B37E-7CDD5725AE37_w250_r1_s.jpg","headers":{"cache-control":"public, max-age=21600","content-length":"15668","content-type":"image/jpeg","date":"Mon, 24 Dec 2018 12:18:44 GMT","etag":"\"15668\"","gdb-fall-back":"false","pangea-nodeid":"ot5V64bS79gRek7I3ZQ6RQ==","status":"200","strict-transport-security":"max-age=86400","x-xss-protection":"1; mode=block"}},{"url":"https://learningenglish.voanews.com/conf.js?x=107","mimeType":"application/javascript","path":"learningenglish.voanews.com/conf.js","headers":{"cache-control":"public, max-age=900","content-encoding":"gzip","content-language":"en","content-length":"1278","content-type":"application/javascript; charset=utf-8","date":"Mon, 24 Dec 2018 12:18:44 GMT","expires":"Mon, 24 Dec 2018 12:22:00 GMT","status":"200","strict-transport-security":"max-age=86400","vary":"Accept-Encoding","x-ua-compatible":"IE=edge","x-xss-protection":"1; mode=block"}},{"url":"https://tags.tiqcdn.com/utag/bbg/voa-pangea/prod/utag.js","mimeType":"application/x-javascript","path":"tags.tiqcdn.com/utag_bbg_voa-pangea_prod_utag.js","headers":{"accept-ranges":"bytes","cache-control":"max-age=300","content-encoding":"gzip","content-length":"25751","content-type":"application/x-javascript","date":"Mon, 24 Dec 2018 12:18:44 GMT","etag":"\"088f188ba8442e7786d0f31f5ab7771b:1545219731\"","expires":"Mon, 24 Dec 2018 12:23:44 GMT","last-modified":"Wed, 19 Dec 2018 11:42:11 GMT","server":"Apache","status":"200","vary":"Accept-Encoding"}},{"url":"https://www.youtube.com/embed/IpIhzFh0yw8?&&&fs=1&enablejsapi=1&rel=0","mimeType":"text/html","path":"www.youtube.com/embed_IpIhzFh0yw8","headers":{"alt-svc":"quic=\":443\"; ma=2592000; v=\"44,43,39,35\"","cache-control":"no-cache","content-encoding":"br","content-type":"text/html; charset=utf-8","date":"Mon, 24 Dec 2018 12:18:44 GMT","expires":"Tue, 27 Apr 1971 19:44:06 EST","p3p":"CP=\"This is not a P3P policy! See http://support.google.com/accounts/answer/151657?hl=en for more info.\"","server":"YouTube Frontend Proxy","set-cookie":"VISITOR_INFO1_LIVE=AmrVWSJTQiQ; path=/; domain=.youtube.com; expires=Sat, 22-Jun-2019 12:18:44 GMT; httponly\nGPS=1; path=/; domain=.youtube.com; expires=Mon, 24-Dec-2018 12:48:44 GMT\nYSC=mU1PG7vPzcU; path=/; domain=.youtube.com; httponly\nPREF=f1=50000000; path=/; domain=.youtube.com; expires=Sun, 25-Aug-2019 00:11:44 GMT\nVISITOR_INFO1_LIVE=AmrVWSJTQiQ; path=/; domain=.youtube.com; expires=Sat, 22-Jun-2019 12:18:44 GMT; httponly","status":"200","strict-transport-security":"max-age=31536000","x-content-type-options":"nosniff","x-xss-protection":"1; mode=block; report=https://www.google.com/appserve/security-bugs/log/youtube"}},{"url":"https://learningenglish.voanews.com/Content/responsive/img/ico-shapes-sprite-1539874397919.png","mimeType":"image/png","path":"learningenglish.voanews.com/Content_responsive_img_ico-shapes-sprite-1539874397919.png","headers":{"accept-ranges":"bytes","cache-control":"public, max-age=3600","content-length":"20020","content-type":"image/png","date":"Mon, 24 Dec 2018 12:18:44 GMT","expires":"Wed, 19 Dec 2018 14:54:57 GMT","last-modified":"Fri, 26 Oct 2018 10:10:34 GMT","status":"200","strict-transport-security":"max-age=86400","x-ua-compatible":"IE=edge","x-xss-protection":"1; mode=block"}},{"url":"https://s.ytimg.com/yts/jsbin/www-widgetapi-vflxGrywa/www-widgetapi.js","mimeType":"text/javascript","path":"s.ytimg.com/yts_jsbin_www-widgetapi-vflxGrywa_www-widgetapi.js","headers":{"accept-ranges":"bytes","age":"155239","alt-svc":"quic=\":443\"; ma=2592000; v=\"44,43,39,35\"","cache-control":"public, max-age=691200","content-encoding":"gzip","content-length":"7729","content-type":"text/javascript","date":"Sat, 22 Dec 2018 17:11:25 GMT","expires":"Sun, 30 Dec 2018 17:11:25 GMT","last-modified":"Sat, 22 Dec 2018 06:47:34 GMT","server":"sffe","status":"200","timing-allow-origin":"https://www.youtube.com","vary":"Accept-Encoding, Origin","x-content-type-options":"nosniff","x-xss-protection":"1; mode=block"}},{"url":"https://learningenglish.voanews.com/Content/responsive/fonts/Skolar-Lt_Latin_v2.woff","mimeType":"application/font-woff","path":"learningenglish.voanews.com/Content_responsive_fonts_Skolar-Lt_Latin_v2.woff","headers":{"accept-ranges":"bytes","cache-control":"public, max-age=367","content-length":"33568","content-type":"application/font-woff","date":"Mon, 24 Dec 2018 12:18:44 GMT","expires":"Mon, 24 Dec 2018 12:24:51 GMT","last-modified":"Thu, 19 Oct 2017 08:27:09 GMT","status":"200","strict-transport-security":"max-age=86400","x-ua-compatible":"IE=edge","x-xss-protection":"1; mode=block"}},{"url":"https://learningenglish.voanews.com/Content/responsive/fonts/SkolarSans-Cn-Bd_LatnCyrl_v2.3.woff","mimeType":"application/font-woff","path":"learningenglish.voanews.com/Content_responsive_fonts_SkolarSans-Cn-Bd_LatnCyrl_v2.3.woff","headers":{"accept-ranges":"bytes","cache-control":"public, max-age=316","content-length":"41216","content-type":"application/font-woff","date":"Mon, 24 Dec 2018 12:18:44 GMT","expires":"Mon, 24 Dec 2018 12:24:00 GMT","last-modified":"Thu, 19 Oct 2017 08:27:09 GMT","status":"200","strict-transport-security":"max-age=86400","x-ua-compatible":"IE=edge","x-xss-protection":"1; mode=block"}},{"url":"https://learningenglish.voanews.com/Content/responsive/img/audio-wave.png","mimeType":"image/png","path":"learningenglish.voanews.com/Content_responsive_img_audio-wave.png","headers":{"accept-ranges":"bytes","cache-control":"public, max-age=3600","content-length":"8118","content-type":"image/png","date":"Mon, 24 Dec 2018 12:18:44 GMT","expires":"Thu, 06 Dec 2018 22:03:53 GMT","last-modified":"Fri, 02 Feb 2018 11:14:34 GMT","status":"200","strict-transport-security":"max-age=86400","x-ua-compatible":"IE=edge","x-xss-protection":"1; mode=block"}},{"url":"https://learningenglish.voanews.com/Content/responsive/fonts/icons-1539874397919.woff","mimeType":"application/font-woff","path":"learningenglish.voanews.com/Content_responsive_fonts_icons-1539874397919.woff","headers":{"accept-ranges":"bytes","cache-control":"public, max-age=352","content-length":"17656","content-type":"application/font-woff","date":"Mon, 24 Dec 2018 12:18:44 GMT","expires":"Mon, 24 Dec 2018 12:24:36 GMT","last-modified":"Fri, 26 Oct 2018 10:10:34 GMT","status":"200","strict-transport-security":"max-age=86400","x-ua-compatible":"IE=edge","x-xss-protection":"1; mode=block"}},{"url":"https://www.googletagmanager.com/gtm.js?id=GTM-N8MP7P","mimeType":"application/javascript","path":"www.googletagmanager.com/gtm.js","headers":{"access-control-allow-credentials":"true","access-control-allow-headers":"Cache-Control","access-control-allow-origin":"http://www.googletagmanager.com","alt-svc":"quic=\":443\"; ma=2592000; v=\"44,43,39,35\"","cache-control":"private, max-age=900","content-encoding":"gzip","content-length":"23964","content-type":"application/javascript; charset=UTF-8","date":"Mon, 24 Dec 2018 12:18:44 GMT","expires":"Mon, 24 Dec 2018 12:18:44 GMT","server":"Google Tag Manager (scaffolding)","status":"200","vary":"Accept-Encoding","x-xss-protection":"1; mode=block"}},{"url":"https://dev.visualwebsiteoptimizer.com/j.php?a=358955&u=https%3A%2F%2Flearningenglish.voanews.com%2Fa%2Flets-learn-english-lesson-one%2F3111026.html&r=0.9047386096979695","mimeType":"application/javascript","path":"dev.visualwebsiteoptimizer.com/j.php","headers":{"content-encoding":"gzip","content-type":"application/javascript; charset=UTF-8","date":"Mon, 24 Dec 2018 12:18:43 GMT","server":"fra1dacdn","status":"200"}},{"url":"https://dev.visualwebsiteoptimizer.com/v.gif?a=358955&d=voanews.com&u=DD001CFA7D70AFA530D6E22B110F0B58A&h=90b944edf03cb40007d87e959b2aaaec&t=false&r=0.777878697313944","mimeType":"image/gif","path":"dev.visualwebsiteoptimizer.com/v.gif","headers":{"cache-control":"private, no-cache, no-cache=Set-Cookie, proxy-revalidate","content-length":"35","content-type":"image/gif","date":"Mon, 24 Dec 2018 12:18:44 GMT","expires":"Mon, 10 Jan 2005 00:00:01 GMT","pragma":"no-cache","server":"fra1dacdn","status":"200","x-content-type-options":"nosniff"}},{"url":"https://tags.tiqcdn.com/utag/bbg/voa-pangea/prod/utag.4.js?utv=ut4.46.201802052058","mimeType":"application/x-javascript","path":"tags.tiqcdn.com/utag_bbg_voa-pangea_prod_utag.4.js","headers":{"accept-ranges":"bytes","cache-control":"max-age=1296000","content-encoding":"gzip","content-length":"2231","content-type":"application/x-javascript","date":"Mon, 24 Dec 2018 12:18:45 GMT","etag":"\"52f6d987ba32febd2ead623426dcce10:1539625721\"","expires":"Tue, 08 Jan 2019 12:18:45 GMT","last-modified":"Mon, 15 Oct 2018 17:48:41 GMT","server":"Apache","status":"200","vary":"Accept-Encoding"}},{"url":"https://tags.tiqcdn.com/utag/bbg/voa-pangea/prod/utag.5.js?utv=ut4.46.201802052058","mimeType":"application/x-javascript","path":"tags.tiqcdn.com/utag_bbg_voa-pangea_prod_utag.5.js","headers":{"accept-ranges":"bytes","cache-control":"max-age=1296000","content-encoding":"gzip","content-length":"480","content-type":"application/x-javascript","date":"Mon, 24 Dec 2018 12:18:45 GMT","etag":"\"4c87aab3b4c02f76065b58846bf79f7a:1539625744\"","expires":"Tue, 08 Jan 2019 12:18:45 GMT","last-modified":"Mon, 15 Oct 2018 17:49:04 GMT","server":"Apache","status":"200","vary":"Accept-Encoding"}},{"url":"https://tags.tiqcdn.com/utag/bbg/voa-pangea/prod/utag.7.js?utv=ut4.46.201802052058","mimeType":"application/x-javascript","path":"tags.tiqcdn.com/utag_bbg_voa-pangea_prod_utag.7.js","headers":{"accept-ranges":"bytes","cache-control":"max-age=1296000","content-encoding":"gzip","content-length":"734","content-type":"application/x-javascript","date":"Mon, 24 Dec 2018 12:18:45 GMT","etag":"\"c0eb457cce9c320e33752d1a3d24e4d4:1539625743\"","expires":"Tue, 08 Jan 2019 12:18:45 GMT","last-modified":"Mon, 15 Oct 2018 17:49:03 GMT","server":"Apache","status":"200","vary":"Accept-Encoding"}},{"url":"https://tags.tiqcdn.com/utag/bbg/voa-pangea/prod/utag.8.js?utv=ut4.46.201802052058","mimeType":"application/x-javascript","path":"tags.tiqcdn.com/utag_bbg_voa-pangea_prod_utag.8.js","headers":{"accept-ranges":"bytes","cache-control":"max-age=1296000","content-encoding":"gzip","content-length":"896","content-type":"application/x-javascript","date":"Mon, 24 Dec 2018 12:18:45 GMT","etag":"\"3ece1db8721b22bda4ae2005518410e0:1539625743\"","expires":"Tue, 08 Jan 2019 12:18:45 GMT","last-modified":"Mon, 15 Oct 2018 17:49:02 GMT","server":"Apache","status":"200","vary":"Accept-Encoding"}},{"url":"https://tags.tiqcdn.com/utag/bbg/voa-pangea/prod/utag.34.js?utv=ut4.46.201804061704","mimeType":"application/x-javascript","path":"tags.tiqcdn.com/utag_bbg_voa-pangea_prod_utag.34.js","headers":{"accept-ranges":"bytes","cache-control":"max-age=1296000","content-encoding":"gzip","content-length":"1059","content-type":"application/x-javascript","date":"Mon, 24 Dec 2018 12:18:45 GMT","etag":"\"0c774a2450e8e9f855ec83ec1d9a638d:1539625725\"","expires":"Tue, 08 Jan 2019 12:18:45 GMT","last-modified":"Mon, 15 Oct 2018 17:48:45 GMT","server":"Apache","status":"200","vary":"Accept-Encoding"}},{"url":"https://tags.tiqcdn.com/utag/bbg/voa-pangea/prod/utag.20.js?utv=ut4.46.201809082144","mimeType":"application/x-javascript","path":"tags.tiqcdn.com/utag_bbg_voa-pangea_prod_utag.20.js","headers":{"accept-ranges":"bytes","cache-control":"max-age=1296000","content-encoding":"gzip","content-length":"3568","content-type":"application/x-javascript","date":"Mon, 24 Dec 2018 12:18:45 GMT","etag":"\"0b3d95dbc62729248bc3f1e7d5b3caad:1539625721\"","expires":"Tue, 08 Jan 2019 12:18:45 GMT","last-modified":"Mon, 15 Oct 2018 17:48:41 GMT","server":"Apache","status":"200","vary":"Accept-Encoding"}},{"url":"https://tags.tiqcdn.com/utag/bbg/voa-pangea/prod/utag.13.js?utv=ut4.46.201802052058","mimeType":"application/x-javascript","path":"tags.tiqcdn.com/utag_bbg_voa-pangea_prod_utag.13.js","headers":{"accept-ranges":"bytes","cache-control":"max-age=1296000","content-encoding":"gzip","content-length":"2223","content-type":"application/x-javascript","date":"Mon, 24 Dec 2018 12:18:45 GMT","etag":"\"54c871e646762ab7d318bc031d810d1e:1539625717\"","expires":"Tue, 08 Jan 2019 12:18:45 GMT","last-modified":"Mon, 15 Oct 2018 17:48:37 GMT","server":"Apache","status":"200","vary":"Accept-Encoding"}},{"url":"https://tags.tiqcdn.com/utag/bbg/voa-pangea/prod/utag.24.js?utv=ut4.46.201812191142","mimeType":"application/x-javascript","path":"tags.tiqcdn.com/utag_bbg_voa-pangea_prod_utag.24.js","headers":{"accept-ranges":"bytes","cache-control":"max-age=1296000","content-encoding":"gzip","content-length":"21367","content-type":"application/x-javascript","date":"Mon, 24 Dec 2018 12:18:45 GMT","etag":"\"81fb282a191f8681d4549a51464a6900:1545219731\"","expires":"Tue, 08 Jan 2019 12:18:45 GMT","last-modified":"Wed, 19 Dec 2018 11:42:11 GMT","server":"Apache","status":"200","vary":"Accept-Encoding"}},{"url":"https://av.voanews.com/Videoroot/Pangeavideo/2016/05/c/c2/c2d43875-4942-4ca7-93eb-45b0d7627361.mp4","mimeType":"video/mp4","path":"av.voanews.com/Videoroot_Pangeavideo_2016_05_c_c2_c2d43875-4942-4ca7-93eb-45b0d7627361.mp4","headers":{"Content-Length":"14834217","Content-Range":"bytes 0-14834216/14834217","accept-ranges":"bytes","access-control-allow-headers":"Range","access-control-allow-methods":"GET,OPTIONS","access-control-allow-origin":"*","content-type":"video/mp4","date":"Mon, 24 Dec 2018 12:18:45 GMT","etag":"\"cc428c98aeb6d11:0\"","last-modified":"Wed, 25 May 2016 17:55:17 GMT","server":"Microsoft-IIS/8.5","status":"206","strict-transport-security":"max-age=86400","x-powered-by":"ASP.NET"}},{"url":"https://av.voanews.com/clips/VLE/2016/02/08/49485bf8-4277-47f6-9abe-617ee2473f8c.mp3","mimeType":"audio/mpeg","path":"av.voanews.com/clips_VLE_2016_02_08_49485bf8-4277-47f6-9abe-617ee2473f8c.mp3","headers":{"Content-Length":"236944","Content-Range":"bytes 0-236943/236944","accept-ranges":"bytes","access-control-allow-headers":"Range","access-control-allow-methods":"GET,OPTIONS","access-control-allow-origin":"*","content-type":"audio/mpeg","date":"Mon, 24 Dec 2018 12:18:45 GMT","etag":"\"138332d11b62d11:0\"","last-modified":"Mon, 08 Feb 2016 02:52:58 GMT","server":"Microsoft-IIS/8.5","status":"206","strict-transport-security":"max-age=86400","x-powered-by":"ASP.NET"}},{"url":"https://static.chartbeat.com/js/chartbeat.js","mimeType":"application/x-javascript","path":"static.chartbeat.com/js_chartbeat.js","headers":{"age":"2316","cache-control":"max-age=7200","content-encoding":"gzip","content-type":"application/x-javascript","date":"Mon, 24 Dec 2018 11:40:09 GMT","expires":"Mon, 24 Dec 2018 13:40:09 GMT","last-modified":"Thu, 04 Oct 2018 02:34:22 GMT","server":"nginx","status":"200","vary":"Accept-Encoding","via":"1.1 4349a992977a09129baaddd00c798a5d.cloudfront.net (CloudFront)","x-amz-cf-id":"K638ro9witFiOOchcgvhhs0J1OL3XR0f5KYjrto85KiYGVEN3ceEpA==","x-cache":"Hit from cloudfront"}},{"url":"https://sb.scorecardresearch.com/b2?c1=2&c2=6035794&ns__t=1545653925597&ns_c=UTF-8&c8=Lesson%201%3A%20Welcome!&c7=https%3A%2F%2Flearningenglish.voanews.com%2Fa%2Flets-learn-english-lesson-one%2F3111026.html&c9=","mimeType":"text/plain","path":"sb.scorecardresearch.com/b2","headers":{"Cache-Control":"private, no-cache, no-cache=Set-Cookie, no-store, proxy-revalidate","Connection":"keep-alive","Content-Length":"0","Date":"Mon, 24 Dec 2018 12:18:45 GMT","Expires":"Mon, 01 Jan 1990 00:00:00 GMT","Pragma":"no-cache"}},{"url":"https://tags.tiqcdn.com/utag/tiqapp/utag.v.js?a=bbg/voa-pangea/201812191142&cb=1545653925659","mimeType":"application/x-javascript","path":"tags.tiqcdn.com/utag_tiqapp_utag.v.js","headers":{"accept-ranges":"bytes","cache-control":"max-age=600","content-length":"2","content-type":"application/x-javascript","date":"Mon, 24 Dec 2018 12:18:45 GMT","etag":"\"7bc0ee636b3b83484fc3b9348863bd22:1460653071\"","expires":"Mon, 24 Dec 2018 12:28:45 GMT","last-modified":"Thu, 14 Apr 2016 16:57:51 GMT","server":"Apache","status":"200"}},{"url":"https://dev.visualwebsiteoptimizer.com/5.0/va-832994338cf563d3fdab70114105f3bf.js","mimeType":"text/javascript","path":"dev.visualwebsiteoptimizer.com/5.0_va-832994338cf563d3fdab70114105f3bf.js","headers":{"accept-ranges":"bytes","access-control-allow-origin":"*","cache-control":"public, max-age=604800","content-encoding":"gzip","content-length":"55831","content-type":"text/javascript; charset=UTF-8","date":"Mon, 24 Dec 2018 12:18:44 GMT","etag":"\"5c1b9863-da17\"","last-modified":"Thu, 20 Dec 2018 13:25:55 GMT","server":"fra1dacdn","status":"200","vary":"Accept-Encoding"}},{"url":"https://av.voanews.com/Videoroot/Pangeavideo/2016/02/2/23/23242e5a-9c43-48c1-a8ef-7e963241bb23.mp4","mimeType":"video/mp4","path":"av.voanews.com/Videoroot_Pangeavideo_2016_02_2_23_23242e5a-9c43-48c1-a8ef-7e963241bb23.mp4","headers":{"Content-Length":"492554","Content-Range":"bytes 0-492553/492554","accept-ranges":"bytes","access-control-allow-headers":"Range","access-control-allow-methods":"GET,OPTIONS","access-control-allow-origin":"*","content-type":"video/mp4","date":"Mon, 24 Dec 2018 12:18:45 GMT","etag":"\"89b1317b6460d11:0\"","last-modified":"Fri, 05 Feb 2016 22:28:05 GMT","server":"Microsoft-IIS/8.5","status":"206","strict-transport-security":"max-age=86400","x-powered-by":"ASP.NET"}},{"url":"https://av.voanews.com/Videoroot/Pangeavideo/2016/02/9/95/95563cd7-fdac-421c-8e41-e7d85c25d375.mp4","mimeType":"video/mp4","path":"av.voanews.com/Videoroot_Pangeavideo_2016_02_9_95_95563cd7-fdac-421c-8e41-e7d85c25d375.mp4","headers":{"Content-Length":"3417945","Content-Range":"bytes 0-3417944/3417945","accept-ranges":"bytes","access-control-allow-headers":"Range","access-control-allow-methods":"GET,OPTIONS","access-control-allow-origin":"*","content-type":"video/mp4","date":"Mon, 24 Dec 2018 12:18:45 GMT","etag":"\"cf1d4e846460d11:0\"","last-modified":"Fri, 05 Feb 2016 22:28:20 GMT","server":"Microsoft-IIS/8.5","status":"206","strict-transport-security":"max-age=86400","x-powered-by":"ASP.NET"}},{"url":"https://cdn.optimizely.com/js/2326530349.js","mimeType":"text/javascript","path":"cdn.optimizely.com/js_2326530349.js","headers":{"accept-ranges":"bytes","access-control-allow-headers":"*","access-control-allow-methods":"GET, HEAD","access-control-allow-origin":"*","access-control-expose-headers":"x-amz-meta-revision","access-control-max-age":"86400","cache-control":"max-age=120","content-encoding":"gzip","content-length":"63607","content-type":"text/javascript; charset=utf-8","date":"Mon, 24 Dec 2018 12:18:45 GMT","etag":"\"d555adea453559aeb3f708ea558314e0\"","last-modified":"Fri, 25 Aug 2017 18:50:52 GMT","server":"AmazonS3","server-timing":"cdn;desc=\"AkamaiION\";dur=0,rtt;desc=\"15\";dur=0,cdnip;desc=\"23.47.112.225\";dur=0,cdnmap;desc=\"\";dur=0,proto;desc=\"h2\";dur=0","status":"200","strict-transport-security":"max-age=15768000","timing-allow-origin":"*","vary":"Accept-Encoding","x-amz-id-2":"GdwlYDNep13TMaPqcjgfTYqVU+cOMHO5wHNU9/6a+8+C9zQntAb0h6Nn0KN4670g/WnyUJ5AJB0=","x-amz-meta-revision":"273","x-amz-request-id":"A92DF01031743F93","x-amz-version-id":"zcBNS9C..0cV5vv0XeLmT5j4jd6s_w9R"}},{"url":"https://dpm.demdex.net/id?d_visid_ver=2.5.0&d_fieldgroup=MC&d_rtbd=json&d_ver=2&d_verify=1&d_orgid=518ABC7455E462B97F000101%40AdobeOrg&d_nsid=0&ts=1545653925387","mimeType":"","path":"dpm.demdex.net/id","headers":{"Access-Control-Allow-Credentials":"true","Access-Control-Allow-Origin":"https://learningenglish.voanews.com","Cache-Control":"no-cache,no-store,must-revalidate,max-age=0,proxy-revalidate,no-transform,private","Connection":"keep-alive","Content-Length":"0","Expires":"Thu, 01 Jan 1970 00:00:00 GMT","Location":"https://dpm.demdex.net/id/rd?d_visid_ver=2.5.0&d_fieldgroup=MC&d_rtbd=json&d_ver=2&d_verify=1&d_orgid=518ABC7455E462B97F000101%40AdobeOrg&d_nsid=0&ts=1545653925387","P3P":"policyref=\"/w3c/p3p.xml\", CP=\"NOI NID CURa ADMa DEVa PSAa PSDa OUR SAMa BUS PUR COM NAV INT\"","Pragma":"no-cache","Vary":"Origin","X-TID":"SUSoiwlaT6I="}},{"url":"https://sb.scorecardresearch.com/c2/6035794/cs.js","mimeType":"application/x-javascript","path":"sb.scorecardresearch.com/c2_6035794_cs.js","headers":{"Cache-Control":"private, no-transform, max-age=259200","Connection":"keep-alive","Content-Encoding":"gzip","Content-Length":"20","Content-Type":"application/x-javascript","Date":"Mon, 24 Dec 2018 12:18:46 GMT","ETag":"\"d41d8cd98f00b204e9800998ecf8427e:1349196464\"","Expires":"Thu, 27 Dec 2018 12:18:46 GMT","Last-Modified":"Fri, 08 Apr 2011 23:11:26 GMT","Vary":"Accept-Encoding"}},{"url":"https://secure.quantserve.com/quant.js","mimeType":"application/x-javascript","path":"secure.quantserve.com/quant.js","headers":{"Cache-Control":"private, no-transform, max-age=604800","Connection":"keep-alive","Content-Encoding":"gzip","Content-Length":"5456","Content-Type":"application/x-javascript","Date":"Mon, 24 Dec 2018 12:18:46 GMT","ETag":"M0-e2b9884a","Expires":"Mon, 31 Dec 2018 12:18:46 GMT","Last-Modified":"Mon, 24-Dec-2018 12:18:46 GMT","Server":"QS","Vary":"Accept-Encoding"}},{"url":"https://learningenglish.voanews.com/res?callback=_resourceLoaderReceiver_0&dependencies=header,facebook_api,youtube_iframe,collapsible,highlights,hljson_loader,navigation_mobile,image_enhancer,smooth_scroll,google_translate,content_sharing,share_counter,load_more,content_tabs,slider_nav_tabs,most_popular,simple_captcha,validation,comments,analyticstag_event,flexible_iframe,slider,validation,poll,validation,quiz,back_to_top,popup_opener,whatsapp_share_button,multimedia_player_utils,multimedia_player_flash,multimedia_player_mpd,multimedia_player_analytics,multimedia_player_core,multimedia_player_ui,sticky_player_pangea_video,sticky_player_youtube,sticky_player_history_handler,sticky_player,copy_to_clipboard,lt,image_expander","mimeType":"application/javascript","path":"learningenglish.voanews.com/res","headers":{"cache-control":"max-age=0, no-cache, no-store","content-encoding":"gzip","content-language":"en","content-type":"application/javascript; charset=utf-8","date":"Mon, 24 Dec 2018 12:18:46 GMT","expires":"Mon, 24 Dec 2018 12:18:46 GMT","pragma":"no-cache","status":"200","strict-transport-security":"max-age=86400","vary":"Accept-Encoding","x-ua-compatible":"IE=edge","x-xss-protection":"1; mode=block"}},{"url":"https://dpm.demdex.net/id/rd?d_visid_ver=2.5.0&d_fieldgroup=MC&d_rtbd=json&d_ver=2&d_verify=1&d_orgid=518ABC7455E462B97F000101%40AdobeOrg&d_nsid=0&ts=1545653925387","mimeType":"application/json","path":"dpm.demdex.net/id_rd","headers":{"Access-Control-Allow-Credentials":"true","Access-Control-Allow-Origin":"https://learningenglish.voanews.com","Cache-Control":"no-cache,no-store,must-revalidate,max-age=0,proxy-revalidate,no-transform,private","Connection":"keep-alive","Content-Encoding":"gzip","Content-Length":"298","Content-Type":"application/json;charset=utf-8","DCS":"dcs-prod-irl1-v013-09989e8b1.edge-irl1.demdex.com 5.45.0.20181217095029 3ms","Expires":"Thu, 01 Jan 1970 00:00:00 GMT","P3P":"policyref=\"/w3c/p3p.xml\", CP=\"NOI NID CURa ADMa DEVa PSAa PSDa OUR SAMa BUS PUR COM NAV INT\"","Pragma":"no-cache","Vary":"Origin, Accept-Encoding, User-Agent","X-TID":"NtxZS6f6Rq4="}},{"url":"https://ssl.google-analytics.com/ga.js","mimeType":"text/javascript","path":"ssl.google-analytics.com/ga.js","headers":{"age":"1170","alt-svc":"quic=\":443\"; ma=2592000; v=\"44,43,39,35\"","cache-control":"public, max-age=7200","content-encoding":"gzip","content-length":"17168","content-type":"text/javascript","date":"Mon, 24 Dec 2018 11:59:16 GMT","expires":"Mon, 24 Dec 2018 13:59:16 GMT","last-modified":"Mon, 05 Nov 2018 21:10:09 GMT","server":"Golfe2","status":"200","strict-transport-security":"max-age=10886400; includeSubDomains; preload","timing-allow-origin":"*","vary":"Accept-Encoding","x-content-type-options":"nosniff"}},{"url":"https://dev.visualwebsiteoptimizer.com/analysis/2.0/opa-ae9f477a09584bfb879b58ad63ce53d8.js","mimeType":"application/javascript","path":"dev.visualwebsiteoptimizer.com/analysis_2.0_opa-ae9f477a09584bfb879b58ad63ce53d8.js","headers":{"access-control-allow-origin":"*","cache-control":"public, max-age=604800","content-encoding":"gzip","content-type":"application/javascript; charset=UTF-8","date":"Mon, 24 Dec 2018 12:18:44 GMT","etag":"W/\"5c0906db-25569\"","last-modified":"Thu, 06 Dec 2018 11:24:11 GMT","server":"fra1dacdn","status":"200","vary":"Accept-Encoding"}},{"url":"https://dev.visualwebsiteoptimizer.com/5.0/track-832994338cf563d3fdab70114105f3bf.js","mimeType":"text/javascript","path":"dev.visualwebsiteoptimizer.com/5.0_track-832994338cf563d3fdab70114105f3bf.js","headers":{"accept-ranges":"bytes","access-control-allow-origin":"*","cache-control":"public, max-age=604800","content-encoding":"gzip","content-length":"5561","content-type":"text/javascript; charset=UTF-8","date":"Mon, 24 Dec 2018 12:18:44 GMT","etag":"\"5c1b9863-15b9\"","last-modified":"Thu, 20 Dec 2018 13:25:55 GMT","server":"fra1dacdn","status":"200","vary":"Accept-Encoding"}},{"url":"https://rules.quantcount.com/rules-p-BgErSP_RLcMf_.js","mimeType":"application/x-javascript","path":"rules.quantcount.com/rules-p-BgErSP_RLcMf_.js","headers":{"accept-ranges":"bytes","age":"57656","cache-control":"max-age=86400","content-length":"3","content-type":"application/x-javascript","date":"Sun, 23 Dec 2018 20:17:51 GMT","etag":"\"8a80554c91d9fca8acb82f023de02f11\"","last-modified":"Sat, 04 Mar 2017 20:20:13 GMT","server":"AmazonS3","status":"200","via":"1.1 e5ca855eeeb9aa7a5f1f321a50f4fb76.cloudfront.net (CloudFront)","x-amz-cf-id":"W0auTRmEVg1ejKmslzWPvsKcnsttSXz4iHYxhUQS4AB5eSg4xtYI0A==","x-cache":"Hit from cloudfront"}},{"url":"https://connect.facebook.net/en_US/fbevents.js","mimeType":"application/x-javascript","path":"connect.facebook.net/en_US_fbevents.js","headers":{"cache-control":"public, max-age=1200","content-encoding":"gzip","content-length":"14861","content-security-policy":"default-src * data: blob:;script-src *.facebook.com *.fbcdn.net *.facebook.net *.google-analytics.com *.virtualearth.net *.google.com 127.0.0.1:* *.spotilocal.com:* 'unsafe-inline' 'unsafe-eval' blob: data: 'self';style-src data: blob: 'unsafe-inline' *;connect-src *.facebook.com facebook.com *.fbcdn.net *.facebook.net *.spotilocal.com:* wss://*.facebook.com:* https://fb.scanandcleanlocal.com:* attachment.fbsbx.com ws://localhost:* blob: *.cdninstagram.com 'self';","content-type":"application/x-javascript; charset=utf-8","date":"Mon, 24 Dec 2018 12:18:46 GMT","expires":"Sat, 01 Jan 2000 00:00:00 GMT","pragma":"public","status":"200","strict-transport-security":"max-age=31536000; preload; includeSubDomains","vary":"Accept-Encoding","x-content-type-options":"nosniff","x-fb-debug":"sx2T86MqEPFkkWP12o9iTNOIt3GtnOmoEMHOheFkQUZVmwamF4q7DunNBESQJ5/08uhu73mFhIipEJjDCWUAeQ==","x-frame-options":"DENY","x-xss-protection":"0"}},{"url":"https://s3.amazonaws.com/new.cetrk.com/pages/scripts/0026/0255.js","mimeType":"application/x-javascript","path":"s3.amazonaws.com/new.cetrk.com_pages_scripts_0026_0255.js","headers":{"Accept-Ranges":"bytes","Cache-Control":"max-age=28800","Content-Length":"81","Content-Type":"application/x-javascript","Date":"Mon, 24 Dec 2018 12:18:47 GMT","ETag":"\"47be9ccbae00c59ad833735ed3ed91b6\"","Last-Modified":"Tue, 18 Dec 2018 21:47:04 GMT","Server":"AmazonS3","x-amz-id-2":"IonARkAEqYFQgVeECxpHJkZ8B1ibp+3/ZJFgUWh/xq12vwimf/Z7aUv3C/0REYvGx1Pl3pZv9PA=","x-amz-request-id":"C8585BF83D3436CB"}},{"url":"https://ssl.google-analytics.com/r/__utm.gif?utmwv=5.7.2&utms=1&utmn=563029528&utmhn=learningenglish.voanews.com&utmcs=UTF-8&utmsr=1536x864&utmvp=1019x674&utmsc=24-bit&utmul=en-us&utmje=0&utmfl=-&utmdt=Lesson%201%3A%20Welcome!&utmhid=1352844327&utmr=-&utmp=%2Fa%2Flets-learn-english-lesson-one%2F3111026.html&utmht=1545653926529&utmac=UA-20661041-1&utmcc=__utma%3D185959086.400476920.1545653926.1545653926.1545653926.1%3B%2B__utmz%3D185959086.1545653926.1.1.utmcsr%3D(direct)%7Cutmccn%3D(direct)%7Cutmcmd%3D(none)%3B&utmjid=2061290876&utmredir=1&utmu=qBAgAAAAAAAAAAAAAAAAAAAE~","mimeType":"image/gif","path":"ssl.google-analytics.com/r___utm.gif","headers":{"access-control-allow-origin":"*","alt-svc":"quic=\":443\"; ma=2592000; v=\"44,43,39,35\"","cache-control":"no-cache, no-store, must-revalidate","content-length":"35","content-type":"image/gif","date":"Mon, 24 Dec 2018 12:18:46 GMT","expires":"Fri, 01 Jan 1990 00:00:00 GMT","last-modified":"Sun, 17 May 1998 03:00:00 GMT","pragma":"no-cache","server":"Golfe2","status":"200","x-content-type-options":"nosniff"}},{"url":"https://ping.chartbeat.net/ping?h=voa.english&p=%2Fa%2Flets-learn-english-lesson-one%2F3111026.html&u=dglOECpkMU-yLQW5&d=learningenglish.voanews.com&g=62557&g0=learningenglish.voanews.com&g1=No%20Author&n=1&f=00001&c=0&x=0&m=0&y=7221&o=1019&w=674&j=45&R=1&W=0&I=0&E=0&e=0&r=&b=2173&t=DnGj3LBx5Pw3LLWiyCMGrDxB_DOo4&V=109&i=Lesson%201%3A%20Welcome!&tz=-240&sn=1&sv=D8SDuQMb6OFcQIN7CAE2XVDipRyS&sd=1&im=061b2ff3&_","mimeType":"image/gif","path":"ping.chartbeat.net/ping","headers":{"cache-control":"no-cache, no-store, must-revalidate","content-length":"43","content-type":"image/gif","date":"Mon, 24 Dec 2018 12:18:46 GMT","expires":"0","pragma":"no-cache","status":"200"}},{"url":"https://connect.facebook.net/signals/config/266460157046590?v=2.8.35&r=stable","mimeType":"application/x-javascript","path":"connect.facebook.net/signals_config_266460157046590","headers":{"access-control-allow-credentials":"true","access-control-allow-methods":"OPTIONS","access-control-allow-origin":"https://connect.facebook.net","access-control-expose-headers":"X-FB-Debug, X-Loader-Length","cache-control":"public, max-age=1200","content-encoding":"gzip","content-length":"44257","content-security-policy":"default-src * data: blob:;script-src *.facebook.com *.fbcdn.net *.facebook.net *.google-analytics.com *.virtualearth.net *.google.com 127.0.0.1:* *.spotilocal.com:* 'unsafe-inline' 'unsafe-eval' blob: data: 'self';style-src data: blob: 'unsafe-inline' *;connect-src *.facebook.com facebook.com *.fbcdn.net *.facebook.net *.spotilocal.com:* wss://*.facebook.com:* https://fb.scanandcleanlocal.com:* attachment.fbsbx.com ws://localhost:* blob: *.cdninstagram.com 'self' chrome-extension://boadgeojelhgndaghljhdicfkmllpafd chrome-extension://dliochdbjfkdbacpmhlcpmleaejidimm;","content-type":"application/x-javascript; charset=utf-8","date":"Mon, 24 Dec 2018 12:18:46 GMT","expires":"Sat, 01 Jan 2000 00:00:00 GMT","pragma":"public","status":"200","strict-transport-security":"max-age=31536000; preload; includeSubDomains","vary":"Origin, Accept-Encoding","x-content-type-options":"nosniff","x-fb-debug":"e5dj2QhtlWmsnOgD5TUvoSecTUUYaR1+8K4bBa0MpEQEGdIUKQDj8EwJRRuFKhKBMs+SJWwGirEyv/cgz6TGrQ==","x-frame-options":"DENY","x-xss-protection":"0"}},{"url":"https://bbg.demdex.net/dest5.html?d_nsid=0","mimeType":"text/html","path":"bbg.demdex.net/dest5.html","headers":{"Accept-Ranges":"bytes","Cache-Control":"max-age=21600","Connection":"keep-alive","Content-Encoding":"gzip","Content-Length":"2764","Content-Type":"text/html","Expires":"Thu, 01 Jan 1970 00:00:00 GMT","Last-Modified":"Sat, 22 Dec 2018 23:46:17 GMT","P3P":"policyref=\"/w3c/p3p.xml\", CP=\"NOI NID CURa ADMa DEVa PSAa PSDa OUR SAMa BUS PUR COM NAV INT\"","Pragma":"no-cache","Set-Cookie":"demdex=62064472313748698312560141409520413203;Path=/;Domain=.demdex.net;Expires=Sat, 22-Jun-2019 12:18:46 GMT;Max-Age=15552000","Vary":"Accept-Encoding, User-Agent","X-TID":"iCc60ZdiRhw="}},{"url":"https://bbg.sc.omtrdc.net/id?d_visid_ver=2.5.0&d_fieldgroup=A&mcorgid=518ABC7455E462B97F000101%40AdobeOrg&mid=62101374890402927642560330435823408328&ts=1545653926467","mimeType":"application/x-javascript","path":"bbg.sc.omtrdc.net/id","headers":{"Access-Control-Allow-Credentials":"true","Access-Control-Allow-Origin":"https://learningenglish.voanews.com","Cache-Control":"no-cache, no-store, max-age=0, no-transform, private","Connection":"keep-alive","Content-Length":"3","Content-Type":"application/x-javascript","Date":"Mon, 24 Dec 2018 12:18:46 GMT","P3P":"CP=\"This is not a P3P policy\"","Server":"Omniture DC/2.0.0","Vary":"Origin","X-C":"ms-6.5.1","X-Content-Type-Options":"nosniff","X-XSS-Protection":"1; mode=block","xserver":"www52"}},{"url":"https://connect.facebook.net/en_US/all.js","mimeType":"application/x-javascript","path":"connect.facebook.net/en_US_all.js","headers":{"access-control-expose-headers":"X-FB-Content-MD5","cache-control":"public,max-age=1200,stale-while-revalidate=3600","content-encoding":"gzip","content-length":"1933","content-md5":"VVGnudyGAH/UDCH1NZmZyw==","content-security-policy":"default-src * data: blob:;script-src *.facebook.com *.fbcdn.net *.facebook.net *.google-analytics.com *.virtualearth.net *.google.com 127.0.0.1:* *.spotilocal.com:* 'unsafe-inline' 'unsafe-eval' blob: data: 'self';style-src data: blob: 'unsafe-inline' *;connect-src *.facebook.com facebook.com *.fbcdn.net *.facebook.net *.spotilocal.com:* wss://*.facebook.com:* https://fb.scanandcleanlocal.com:* attachment.fbsbx.com ws://localhost:* blob: *.cdninstagram.com 'self' chrome-extension://boadgeojelhgndaghljhdicfkmllpafd chrome-extension://dliochdbjfkdbacpmhlcpmleaejidimm;","content-type":"application/x-javascript; charset=utf-8","date":"Mon, 24 Dec 2018 12:18:46 GMT","etag":"\"5fb237a0390674184990b67531435201\"","expires":"Mon, 24 Dec 2018 12:25:44 GMT","status":"200","strict-transport-security":"max-age=31536000; preload; includeSubDomains","timing-allow-origin":"*","vary":"Accept-Encoding","x-content-type-options":"nosniff","x-fb-content-md5":"8c48586bab279ab9794674d4a2d658a8","x-fb-debug":"8zte9t58KzTt75DWP5lkpP7RcZus8bOmO2D+L0of/pqWmANXrkVuUnuPEo3bcJIR0qgIDgjzY1OVMNaNiNPt0A==","x-frame-options":"DENY","x-xss-protection":"0"}},{"url":"https://dev.visualwebsiteoptimizer.com/analysis/worker-68f4c079a93008e8e04f81f6476e5cc4.js","mimeType":"application/javascript","path":"dev.visualwebsiteoptimizer.com/analysis_worker-68f4c079a93008e8e04f81f6476e5cc4.js","headers":{"access-control-allow-origin":"*","cache-control":"public, max-age=604800, public, max-age=604800","content-encoding":"gzip","content-type":"application/javascript; charset=UTF-8","date":"Mon, 24 Dec 2018 12:18:46 GMT","etag":"W/\"59d4cc16-b83e\"","last-modified":"Wed, 04 Oct 2017 11:55:02 GMT","server":"fra1dacdn","status":"200","vary":"Accept-Encoding"}},{"url":"https://dpm.demdex.net/ibs:dpid=411&dpuuid=XCDOpgAAD2qC7_fW","mimeType":"image/gif","path":"dpm.demdex.net/ibs:dpid=411&dpuuid=XCDOpgAAD2qC7_fW","headers":{"Cache-Control":"no-cache,no-store,must-revalidate,max-age=0,proxy-revalidate,no-transform,private","Connection":"keep-alive","Content-Length":"42","Content-Type":"image/gif","DCS":"dcs-prod-irl1-v013-05154df7c.edge-irl1.demdex.com 5.45.0.20181217095029 3ms","Expires":"Thu, 01 Jan 1970 00:00:00 GMT","P3P":"policyref=\"/w3c/p3p.xml\", CP=\"NOI NID CURa ADMa DEVa PSAa PSDa OUR SAMa BUS PUR COM NAV INT\"","Pragma":"no-cache","X-TID":"5+7N5pz2THI="}},{"url":"https://gdb.voanews.com/47E37481-CAD6-4AEF-9AD4-74FC8B936E46_w144_r1.jpg","mimeType":"image/jpeg","path":"gdb.voanews.com/47E37481-CAD6-4AEF-9AD4-74FC8B936E46_w144_r1.jpg","headers":{"cache-control":"public, max-age=21600","content-length":"7530","content-type":"image/jpeg","date":"Mon, 24 Dec 2018 12:18:47 GMT","etag":"\"7530\"","gdb-fall-back":"false","pangea-nodeid":"2SJxGn78ZHN+5/sf4s9JiA==","status":"200","strict-transport-security":"max-age=86400","x-xss-protection":"1; mode=block"}},{"url":"https://gdb.voanews.com/c2d43875-4942-4ca7-93eb-45b0d7627361_tv_w1023_r1.jpg","mimeType":"image/jpeg","path":"gdb.voanews.com/c2d43875-4942-4ca7-93eb-45b0d7627361_tv_w1023_r1.jpg","headers":{"cache-control":"public, max-age=7200","content-length":"80963","content-type":"image/jpeg","date":"Mon, 24 Dec 2018 12:18:47 GMT","etag":"\"80963\"","gdb-fall-back":"false","pangea-nodeid":"ot5V64bS79gRek7I3ZQ6RQ==","status":"200","strict-transport-security":"max-age=86400","x-xss-protection":"1; mode=block"}},{"url":"https://learningenglish.voanews.com/hljson","mimeType":"application/json","path":"learningenglish.voanews.com/hljson","headers":{"cache-control":"max-age=24","content-encoding":"gzip","content-language":"en","content-length":"359","content-type":"application/json; charset=utf-8","date":"Mon, 24 Dec 2018 12:18:47 GMT","expires":"Mon, 24 Dec 2018 12:19:11 GMT","pragma":"no-cache","status":"200","strict-transport-security":"max-age=86400","vary":"Accept-Encoding","x-ua-compatible":"IE=edge","x-xss-protection":"1; mode=block"}},{"url":"https://livetracker.voa.pangea-cms.com/counter.lt?PageType=1&RecordId=3111026&SiteId=428&r=1601662745&it=0&pd=20180905130017","mimeType":"image/gif","path":"livetracker.voa.pangea-cms.com/counter.lt","headers":{"cache-control":"private","content-length":"43","content-type":"image/gif","date":"Mon, 24 Dec 2018 12:18:47 GMT","status":"200","strict-transport-security":"max-age=86400"}},{"url":"https://connect.facebook.net/en_US/all.js?hash=4af4dfee5b04f8841c3c8941317798a2&ua=modern_es6","mimeType":"application/x-javascript","path":"connect.facebook.net/en_US_all.js","headers":{"access-control-expose-headers":"X-FB-Content-MD5","cache-control":"public,max-age=31536000,stale-while-revalidate=3600,immutable","content-encoding":"gzip","content-length":"53615","content-md5":"znstHbe3VmjXqyjCOFIv/Q==","content-security-policy":"default-src * data: blob:;script-src *.facebook.com *.fbcdn.net *.facebook.net *.google-analytics.com *.virtualearth.net *.google.com 127.0.0.1:* *.spotilocal.com:* 'unsafe-inline' 'unsafe-eval' blob: data: 'self';style-src data: blob: 'unsafe-inline' *;connect-src *.facebook.com facebook.com *.fbcdn.net *.facebook.net *.spotilocal.com:* wss://*.facebook.com:* https://fb.scanandcleanlocal.com:* attachment.fbsbx.com ws://localhost:* blob: *.cdninstagram.com 'self' chrome-extension://boadgeojelhgndaghljhdicfkmllpafd chrome-extension://dliochdbjfkdbacpmhlcpmleaejidimm;","content-type":"application/x-javascript; charset=utf-8","date":"Mon, 24 Dec 2018 12:18:47 GMT","etag":"\"000bf3930ee9ac32b3a2bf039740aeef\"","expires":"Tue, 24 Dec 2019 11:13:36 GMT","status":"200","strict-transport-security":"max-age=31536000; preload; includeSubDomains","timing-allow-origin":"*","vary":"Accept-Encoding","x-content-type-options":"nosniff","x-fb-content-md5":"4c643f856fda3c2e02f253f511e414bf","x-fb-debug":"EBCGpo8d8nkUx6IQRZIGhVN4YPNlt+8X9Ck45PY6lG5Ipc+Vxl6A9IRLXvcJrqVO3wUEEW1/hsvAl2sys+lpbA==","x-frame-options":"DENY","x-xss-protection":"0"}},{"url":"https://bbg.sc.omtrdc.net/b/ss/bbgprod,bbgentityvoa/1/JS-2.6.0/s61648652128846?AQB=1&ndh=1&pf=1&t=24%2F11%2F2018%2016%3A18%3A47%201%20-240&sdid=75B7FC053577F1EE-6E795DC29EC523D4&mid=62101374890402927642560330435823408328&aamlh=6&ce=UTF-8&ns=bbg&g=https%3A%2F%2Flearningenglish.voanews.com%2Fa%2Flets-learn-english-lesson-one%2F3111026.html&cc=USD&ch=%2Fa&server=learningenglish.voanews.com&events=event1%2Cevent52&aamb=RKhpRz8krg2tLO6pguXWp5olkAcUniQYPHaMWWgdJ3xzPWQmdj0y&c1=https%3A%2F%2Flearningenglish.voanews.com%2Fa%2Flets-learn-english-lesson-one%2F3111026.html&v1=https%3A%2F%2Flearningenglish.voanews.com%2Fa%2Flets-learn-english-lesson-one%2F3111026.html&c4=article&v4=article&c5=lets-learn-english-level-1&v5=lets-learn-english-level-1&c6=lesson%201%3A%20welcome%21&v6=lesson%201%3A%20welcome%21&c7=lesson%201%3A%20welcome%21&v7=lesson%201%3A%20welcome%21&c10=09%2F05%2F2018&v10=09%2F05%2F2018&c11=13&v11=13&c13=lets-learn-english-lesson-one&v13=lets-learn-english-lesson-one&c14=3111026&v14=3111026&c15=english&v15=english&c16=voa%20learning%20english&v16=voa%20learning%20english&c17=responsive&v17=responsive&c20=yes&v20=yes&c21=3111026&v21=3111026&c24=0167e02735da001405c06158be6a03072005006a00978&v24=0167e02735da001405c06158be6a03072005006a00978&c25=voa&v25=voa&c27=VOA%20Learning%20English%20Responsive&v27=VOA%20Learning%20English%20Responsive&c29=learningenglish.voanews.com&v29=learningenglish.voanews.com&c30=473&v30=473&c31=https%3A%2F%2Flearningenglish.voanews.com%2Fa%2Flets-learn-english-lesson-one%2F3111026.html&v31=https%3A%2F%2Flearningenglish.voanews.com%2Fa%2Flets-learn-english-lesson-one%2F3111026.html&c38=article&v38=article&c39=lets-learn-english-level-1&v39=lets-learn-english-level-1&c50=article%20view&v50=article%20view&v70=2.6.0&v71=bbgprod-bbgentityvoa&c72=prod&v72=prod&c75=Adobe%20Update%202.6&v75=Adobe%20Update%202.6&s=1536x864&c=24&j=1.6&v=N&k=Y&bw=1036&bh=674&mcorgid=518ABC7455E462B97F000101%40AdobeOrg&AQE=1","mimeType":"image/gif","path":"bbg.sc.omtrdc.net/b_ss_bbgprod_bbgentityvoa_1_JS-2.6.0_s61648652128846","headers":{"Access-Control-Allow-Origin":"*","Cache-Control":"no-cache, no-store, max-age=0, no-transform, private","Connection":"keep-alive","Content-Length":"43","Content-Type":"image/gif","Date":"Mon, 24 Dec 2018 12:18:47 GMT","ETag":"\"3319266533786550272-5752014850721066415\"","Expires":"Sun, 23 Dec 2018 12:18:47 GMT","Last-Modified":"Tue, 25 Dec 2018 12:18:47 GMT","P3P":"CP=\"This is not a P3P policy\"","Pragma":"no-cache","Server":"Omniture DC","Vary":"*","X-C":"ms-6.5.1","X-Content-Type-Options":"nosniff","X-XSS-Protection":"1; mode=block","xserver":"www64"}},{"url":"https://learningenglish.voanews.com/embed/poll/3837745.html","mimeType":"text/html","path":"learningenglish.voanews.com/embed_poll_3837745.html","headers":{"cache-control":"max-age=762","content-encoding":"gzip","content-language":"en","content-length":"3504","content-type":"text/html; charset=utf-8","date":"Mon, 24 Dec 2018 12:18:47 GMT","expires":"Mon, 24 Dec 2018 12:31:29 GMT","pragma":"no-cache","set-cookie":".ASPXANONYMOUS=S5bZJIhbPLD3NVeCYtKWL2Q4HDd_QIFsIA1mxv6bVO76IT9W2ojwcYXTkmaCLfpLwjRvOaLUID4yzLzQIPS9wmFGRtMYFTs2TA1_KWuVLNYVK-31FnpUJD4dIyAbsqoTL2383w2; expires=Sun, 03-Mar-2019 22:58:47 GMT; path=/; HttpOnly\n.ASPXANONYMOUS=S5bZJIhbPLD3NVeCYtKWL2Q4HDd_QIFsIA1mxv6bVO76IT9W2ojwcYXTkmaCLfpLwjRvOaLUID4yzLzQIPS9wmFGRtMYFTs2TA1_KWuVLNYVK-31FnpUJD4dIyAbsqoTL2383w2; expires=Sun, 03-Mar-2019 22:58:47 GMT; path=/; HttpOnly\nPangeaEnvironment=2; expires=Tue, 24-Dec-2019 12:18:47 GMT; path=/; HttpOnly","status":"200","strict-transport-security":"max-age=86400","vary":"Accept-Encoding","x-ua-compatible":"IE=edge","x-xss-protection":"1; mode=block"}},{"url":"https://learningenglish.voanews.com/navigation.html","mimeType":"text/html","path":"learningenglish.voanews.com/navigation.html","headers":{"cache-control":"max-age=0, no-cache, no-store","content-encoding":"gzip","content-language":"en","content-length":"4772","content-type":"text/html; charset=utf-8","date":"Mon, 24 Dec 2018 12:18:47 GMT","expires":"Mon, 24 Dec 2018 12:18:47 GMT","pragma":"no-cache","set-cookie":".ASPXANONYMOUS=Ce2etn58EX1GDWEt3-oBI7Y0MrlgVwL9OP6UBeNF8-oqtugOZui6d4BM8JpNkkOQ-ZUiB9jnX3j6sAiEQw_sPiMLlaLwbonAZYT2kmTE3VfmUO3VBfAuL5F4D4JrTGrNWfT0Zw2; expires=Sun, 03-Mar-2019 22:58:47 GMT; path=/; HttpOnly\n.ASPXANONYMOUS=Ce2etn58EX1GDWEt3-oBI7Y0MrlgVwL9OP6UBeNF8-oqtugOZui6d4BM8JpNkkOQ-ZUiB9jnX3j6sAiEQw_sPiMLlaLwbonAZYT2kmTE3VfmUO3VBfAuL5F4D4JrTGrNWfT0Zw2; expires=Sun, 03-Mar-2019 22:58:47 GMT; path=/; HttpOnly\nPangeaEnvironment=2; expires=Tue, 24-Dec-2019 12:18:47 GMT; path=/; HttpOnly","status":"200","strict-transport-security":"max-age=86400","vary":"Accept-Encoding","x-ua-compatible":"IE=edge","x-xss-protection":"1; mode=block"}},{"url":"https://tags.tiqcdn.com/utag/bbg/voa-pangea/prod/utag.sync.js","mimeType":"application/x-javascript","path":"tags.tiqcdn.com/utag_bbg_voa-pangea_prod_utag.sync.js","headers":{"accept-ranges":"bytes","cache-control":"max-age=300","content-encoding":"gzip","content-length":"2051","content-type":"application/x-javascript","date":"Mon, 24 Dec 2018 12:18:44 GMT","etag":"\"6256ad9294ebf87ca15cda0c8a83f71d:1545219731\"","expires":"Mon, 24 Dec 2018 12:23:44 GMT","last-modified":"Wed, 19 Dec 2018 11:42:11 GMT","server":"Apache","status":"200","vary":"Accept-Encoding"}},{"url":"https://learningenglish.voanews.com/Scripts/responsive/infographics.b?v=SoOwxR3GP1g_2rVvUJRa8ALUqwaBS2Bj7UH6Ua1r74Y1?&av=7.29.0.0&cb=107","mimeType":"application/javascript","path":"learningenglish.voanews.com/Scripts_responsive_infographics.b","headers":{"cache-control":"public, no-cache=\"Set-Cookie\", no-transform, max-age=31536000","content-encoding":"gzip","content-length":"1266","content-type":"application/javascript; charset=utf-8","date":"Mon, 24 Dec 2018 12:18:44 GMT","expires":"Tue, 24 Dec 2019 12:12:03 GMT","status":"200","strict-transport-security":"max-age=86400","vary":"Accept-Encoding","x-ua-compatible":"IE=edge","x-xss-protection":"1; mode=block"}},{"url":"https://learningenglish.voanews.com/Scripts/responsive/loader.b?v=6RR_RBAPlPBhXA2I_CLVsCYBpS1QmrKMrmzYdbRWUkQ1?&av=7.29.0.0&cb=107","mimeType":"application/javascript","path":"learningenglish.voanews.com/Scripts_responsive_loader.b","headers":{"cache-control":"public, no-transform, max-age=31536000","content-encoding":"gzip","content-length":"21813","content-type":"application/javascript; charset=utf-8","date":"Mon, 24 Dec 2018 12:18:44 GMT","expires":"Tue, 24 Dec 2019 12:17:48 GMT","status":"200","strict-transport-security":"max-age=86400","vary":"Accept-Encoding","x-ua-compatible":"IE=edge","x-xss-protection":"1; mode=block"}},{"url":"https://staticxx.facebook.com/connect/xd_arbiter/r/j-GHT1gpo6-.js?version=43","mimeType":"text/html","path":"staticxx.facebook.com/connect_xd_arbiter_r_j-GHT1gpo6-.js","headers":{"cache-control":"public,max-age=31536000,immutable","content-encoding":"br","content-length":"12056","content-security-policy":"default-src * data: blob:;script-src *.facebook.com *.fbcdn.net *.facebook.net *.google-analytics.com *.virtualearth.net *.google.com 127.0.0.1:* *.spotilocal.com:* 'unsafe-inline' 'unsafe-eval' blob: data: 'self';style-src data: blob: 'unsafe-inline' *;connect-src *.facebook.com facebook.com *.fbcdn.net *.facebook.net *.spotilocal.com:* wss://*.facebook.com:* https://fb.scanandcleanlocal.com:* attachment.fbsbx.com ws://localhost:* blob: *.cdninstagram.com 'self' chrome-extension://boadgeojelhgndaghljhdicfkmllpafd chrome-extension://dliochdbjfkdbacpmhlcpmleaejidimm;","content-type":"text/html; charset=utf-8","date":"Mon, 24 Dec 2018 12:18:47 GMT","expires":"Tue, 17 Dec 2019 23:18:53 GMT","status":"200","strict-transport-security":"max-age=15552000; preload","vary":"Accept-Encoding","x-content-type-options":"nosniff","x-fb-debug":"A16DDx+YTVVrBWy9Gnm8JaRSYNBb/KtBzvHYAlNLSD8+SIfhcewFpWqVqfLb7Y1OsA9BxxnSptcABASQojdi7A==","x-xss-protection":"0"}},{"url":"https://learningenglish.voanews.com/conf.js?x=107","mimeType":"application/javascript","path":"learningenglish.voanews.com/conf.js","headers":{"cache-control":"public, max-age=900","content-encoding":"gzip","content-language":"en","content-length":"1278","content-type":"application/javascript; charset=utf-8","date":"Mon, 24 Dec 2018 12:18:44 GMT","expires":"Mon, 24 Dec 2018 12:22:00 GMT","status":"200","strict-transport-security":"max-age=86400","vary":"Accept-Encoding","x-ua-compatible":"IE=edge","x-xss-protection":"1; mode=block"}},{"url":"https://www.facebook.com/tr/?id=266460157046590&ev=PageView&dl=https%3A%2F%2Flearningenglish.voanews.com%2Fa%2Flets-learn-english-lesson-one%2F3111026.html&rl=&if=false&ts=1545653927461&sw=1536&sh=864&v=2.8.35&r=stable&a=tmtealium&ec=0&o=30&fbp=fb.1.1545653927459.431890411&it=1545653926835&coo=false","mimeType":"image/gif","path":"www.facebook.com/tr_","headers":{"cache-control":"no-cache, must-revalidate, max-age=0","content-length":"44","content-type":"image/gif","date":"Mon, 24 Dec 2018 12:18:47 GMT","expires":"Mon, 24 Dec 2018 12:18:47 GMT","last-modified":"Fri, 21 Dec 2012 00:00:01 GMT","server":"proxygen-bolt","status":"200"}},{"url":"https://learningenglish.voanews.com/Content/responsive/VOA/en-US-LEARN/VOA-en-US-LEARN.css?&av=7.29.0.0&cb=107","mimeType":"text/css","path":"learningenglish.voanews.com/Content_responsive_VOA_en-US-LEARN_VOA-en-US-LEARN.css","headers":{"accept-ranges":"bytes","cache-control":"public, no-transform, max-age=31536000","content-encoding":"gzip","content-length":"50356","content-type":"text/css","date":"Mon, 24 Dec 2018 12:18:44 GMT","expires":"Sat, 21 Dec 2019 15:36:10 GMT","last-modified":"Fri, 21 Dec 2018 12:42:59 GMT","status":"200","vary":"Accept-Encoding","x-ua-compatible":"IE=edge","x-xss-protection":"1; mode=block"}},{"url":"https://learningenglish.voanews.com/comments/a3111026p0.html","mimeType":"text/html","path":"learningenglish.voanews.com/comments_a3111026p0.html","headers":{"cache-control":"max-age=0, no-cache, no-store","content-encoding":"gzip","content-language":"en","content-length":"619","content-type":"text/html; charset=utf-8","date":"Mon, 24 Dec 2018 12:18:47 GMT","expires":"Mon, 24 Dec 2018 12:18:47 GMT","pragma":"no-cache","set-cookie":".ASPXANONYMOUS=K53dG_x7sETHyhavlVRzCC8DuC9QemkaoROzOuin95TuEjOt8GXUaH9L5yMYS0OuWKG5-rtxEHcL698F8omUsGJ0DVNiK_ZluqsLM2Ra5zhzf5RDLtk_-ds6MBvJ-4l-3lm_yQ2; expires=Sun, 03-Mar-2019 22:58:47 GMT; path=/; HttpOnly\n.ASPXANONYMOUS=K53dG_x7sETHyhavlVRzCC8DuC9QemkaoROzOuin95TuEjOt8GXUaH9L5yMYS0OuWKG5-rtxEHcL698F8omUsGJ0DVNiK_ZluqsLM2Ra5zhzf5RDLtk_-ds6MBvJ-4l-3lm_yQ2; expires=Sun, 03-Mar-2019 22:58:47 GMT; path=/; HttpOnly\nPangeaEnvironment=2; expires=Tue, 24-Dec-2019 12:18:47 GMT; path=/; HttpOnly","status":"200","strict-transport-security":"max-age=86400","vary":"Accept-Encoding","x-ua-compatible":"IE=edge","x-xss-protection":"1; mode=block"}},{"url":"https://www.youtube.com/iframe_api","mimeType":"application/javascript","path":"www.youtube.com/iframe_api","headers":{"alt-svc":"quic=\":443\"; ma=2592000; v=\"44,43,39,35\"","cache-control":"no-cache","content-length":"859","content-type":"application/javascript","date":"Mon, 24 Dec 2018 12:18:47 GMT","expires":"Tue, 27 Apr 1971 19:44:06 EST","server":"YouTube Frontend Proxy","status":"200","x-content-type-options":"nosniff","x-xss-protection":"1; mode=block; report=https://www.google.com/appserve/security-bugs/log/youtube"}},{"url":"https://s.ytimg.com/yts/jsbin/www-widgetapi-vflxGrywa/www-widgetapi.js","mimeType":"text/javascript","path":"s.ytimg.com/yts_jsbin_www-widgetapi-vflxGrywa_www-widgetapi.js","headers":{"accept-ranges":"bytes","age":"155239","alt-svc":"quic=\":443\"; ma=2592000; v=\"44,43,39,35\"","cache-control":"public, max-age=691200","content-encoding":"gzip","content-length":"7729","content-type":"text/javascript","date":"Sat, 22 Dec 2018 17:11:25 GMT","expires":"Sun, 30 Dec 2018 17:11:25 GMT","last-modified":"Sat, 22 Dec 2018 06:47:34 GMT","server":"sffe","status":"200","timing-allow-origin":"https://www.youtube.com","vary":"Accept-Encoding, Origin","x-content-type-options":"nosniff","x-xss-protection":"1; mode=block"}},{"url":"https://learningenglish.voanews.com/res?callback=_resourceLoaderReceiver_1&dependencies=navigation_horizontal,navigation_horizontal_sticked,program_updater,sticky_sharing","mimeType":"application/javascript","path":"learningenglish.voanews.com/res","headers":{"cache-control":"max-age=0, no-cache, no-store","content-encoding":"gzip","content-language":"en","content-length":"10614","content-type":"application/javascript","date":"Mon, 24 Dec 2018 12:18:47 GMT","expires":"Mon, 24 Dec 2018 12:18:47 GMT","pragma":"no-cache","status":"200","strict-transport-security":"max-age=86400","vary":"Accept-Encoding","x-ua-compatible":"IE=edge","x-xss-protection":"1; mode=block"}},{"url":"https://learningenglish.voanews.com/Content/responsive/fonts/Skolar-Lt_Latin_v2.woff","mimeType":"application/font-woff","path":"learningenglish.voanews.com/Content_responsive_fonts_Skolar-Lt_Latin_v2.woff","headers":{"accept-ranges":"bytes","cache-control":"public, max-age=367","content-length":"33568","content-type":"application/font-woff","date":"Mon, 24 Dec 2018 12:18:44 GMT","expires":"Mon, 24 Dec 2018 12:24:51 GMT","last-modified":"Thu, 19 Oct 2017 08:27:09 GMT","status":"200","strict-transport-security":"max-age=86400","x-ua-compatible":"IE=edge","x-xss-protection":"1; mode=block"}},{"url":"https://learningenglish.voanews.com/Content/responsive/fonts/SkolarSans-Cn-Bd_LatnCyrl_v2.3.woff","mimeType":"application/font-woff","path":"learningenglish.voanews.com/Content_responsive_fonts_SkolarSans-Cn-Bd_LatnCyrl_v2.3.woff","headers":{"accept-ranges":"bytes","cache-control":"public, max-age=316","content-length":"41216","content-type":"application/font-woff","date":"Mon, 24 Dec 2018 12:18:44 GMT","expires":"Mon, 24 Dec 2018 12:24:00 GMT","last-modified":"Thu, 19 Oct 2017 08:27:09 GMT","status":"200","strict-transport-security":"max-age=86400","x-ua-compatible":"IE=edge","x-xss-protection":"1; mode=block"}},{"url":"https://learningenglish.voanews.com/Content/responsive/fonts/icons-1539874397919.woff","mimeType":"application/font-woff","path":"learningenglish.voanews.com/Content_responsive_fonts_icons-1539874397919.woff","headers":{"accept-ranges":"bytes","cache-control":"public, max-age=352","content-length":"17656","content-type":"application/font-woff","date":"Mon, 24 Dec 2018 12:18:44 GMT","expires":"Mon, 24 Dec 2018 12:24:36 GMT","last-modified":"Fri, 26 Oct 2018 10:10:34 GMT","status":"200","strict-transport-security":"max-age=86400","x-ua-compatible":"IE=edge","x-xss-protection":"1; mode=block"}},{"url":"https://tags.tiqcdn.com/utag/bbg/voa-pangea/prod/utag.js","mimeType":"application/x-javascript","path":"tags.tiqcdn.com/utag_bbg_voa-pangea_prod_utag.js","headers":{"accept-ranges":"bytes","cache-control":"max-age=300","content-encoding":"gzip","content-length":"25751","content-type":"application/x-javascript","date":"Mon, 24 Dec 2018 12:18:44 GMT","etag":"\"088f188ba8442e7786d0f31f5ab7771b:1545219731\"","expires":"Mon, 24 Dec 2018 12:23:44 GMT","last-modified":"Wed, 19 Dec 2018 11:42:11 GMT","server":"Apache","status":"200","vary":"Accept-Encoding"}},{"url":"https://learningenglish.voanews.com/Content/responsive/img/fpo_avatar_white.png","mimeType":"image/png","path":"learningenglish.voanews.com/Content_responsive_img_fpo_avatar_white.png","headers":{"accept-ranges":"bytes","cache-control":"public, max-age=3600","content-length":"1464","content-type":"image/png","date":"Mon, 24 Dec 2018 12:18:47 GMT","expires":"Wed, 13 Dec 2017 12:23:04 GMT","last-modified":"Fri, 01 Dec 2017 11:35:29 GMT","status":"200","strict-transport-security":"max-age=86400","x-ua-compatible":"IE=edge","x-xss-protection":"1; mode=block"}},{"url":"https://learningenglish.voanews.com/hljson","mimeType":"application/json","path":"learningenglish.voanews.com/hljson","headers":{"cache-control":"max-age=7","content-encoding":"gzip","content-language":"en","content-length":"359","content-type":"application/json; charset=utf-8","date":"Mon, 24 Dec 2018 12:18:48 GMT","expires":"Mon, 24 Dec 2018 12:18:55 GMT","pragma":"no-cache","status":"200","strict-transport-security":"max-age=86400","vary":"Accept-Encoding","x-ua-compatible":"IE=edge","x-xss-protection":"1; mode=block"}},{"url":"https://learningenglish.voanews.com/res?callback=_resourceLoaderReceiver_0&dependencies=facebook_api,youtube_iframe,collapsible,image_enhancer,smooth_scroll,google_translate,content_sharing,load_more,content_tabs,slider_nav_tabs,most_popular,simple_captcha,analyticstag_event,flexible_iframe,slider,validation,poll,whatsapp_share_button,sticky_player_pangea_video,sticky_player_youtube,sticky_player_history_handler,sticky_player,copy_to_clipboard,lt","mimeType":"application/javascript","path":"learningenglish.voanews.com/res","headers":{"cache-control":"max-age=0, no-cache, no-store","content-encoding":"gzip","content-language":"en","content-length":"38285","content-type":"application/javascript; charset=utf-8","date":"Mon, 24 Dec 2018 12:18:48 GMT","expires":"Mon, 24 Dec 2018 12:18:48 GMT","pragma":"no-cache","status":"200","strict-transport-security":"max-age=86400","vary":"Accept-Encoding","x-ua-compatible":"IE=edge","x-xss-protection":"1; mode=block"}},{"url":"https://www.facebook.com/tr/","mimeType":"text/plain","path":"www.facebook.com/tr_","headers":{"access-control-allow-credentials":"true","access-control-allow-origin":"https://learningenglish.voanews.com","content-length":"0","content-type":"text/plain","date":"Mon, 24 Dec 2018 12:18:48 GMT","server":"proxygen-bolt","status":"200"}},{"url":"https://gdb.voanews.com/47E37481-CAD6-4AEF-9AD4-74FC8B936E46_w66_r1.jpg","mimeType":"image/jpeg","path":"gdb.voanews.com/47E37481-CAD6-4AEF-9AD4-74FC8B936E46_w66_r1.jpg","headers":{"cache-control":"public, max-age=21600","content-length":"2576","content-type":"image/jpeg","date":"Mon, 24 Dec 2018 12:18:48 GMT","etag":"\"2576\"","gdb-fall-back":"false","pangea-nodeid":"YbkXDwaawxE3YKRIzzalYg==","status":"200","strict-transport-security":"max-age=86400","x-xss-protection":"1; mode=block"}},{"url":"https://tags.tiqcdn.com/utag/bbg/voa-pangea/prod/utag.24.js?utv=ut4.46.201812191142","mimeType":"application/x-javascript","path":"tags.tiqcdn.com/utag_bbg_voa-pangea_prod_utag.24.js","headers":{"accept-ranges":"bytes","cache-control":"max-age=1296000","content-encoding":"gzip","content-length":"21367","content-type":"application/x-javascript","date":"Mon, 24 Dec 2018 12:18:45 GMT","etag":"\"81fb282a191f8681d4549a51464a6900:1545219731\"","expires":"Tue, 08 Jan 2019 12:18:45 GMT","last-modified":"Wed, 19 Dec 2018 11:42:11 GMT","server":"Apache","status":"200","vary":"Accept-Encoding"}},{"url":"https://tags.tiqcdn.com/utag/bbg/voa-pangea/prod/utag.4.js?utv=ut4.46.201802052058","mimeType":"application/x-javascript","path":"tags.tiqcdn.com/utag_bbg_voa-pangea_prod_utag.4.js","headers":{"accept-ranges":"bytes","cache-control":"max-age=1296000","content-encoding":"gzip","content-length":"2231","content-type":"application/x-javascript","date":"Mon, 24 Dec 2018 12:18:45 GMT","etag":"\"52f6d987ba32febd2ead623426dcce10:1539625721\"","expires":"Tue, 08 Jan 2019 12:18:45 GMT","last-modified":"Mon, 15 Oct 2018 17:48:41 GMT","server":"Apache","status":"200","vary":"Accept-Encoding"}},{"url":"https://tags.tiqcdn.com/utag/bbg/voa-pangea/prod/utag.5.js?utv=ut4.46.201802052058","mimeType":"application/x-javascript","path":"tags.tiqcdn.com/utag_bbg_voa-pangea_prod_utag.5.js","headers":{"accept-ranges":"bytes","cache-control":"max-age=1296000","content-encoding":"gzip","content-length":"480","content-type":"application/x-javascript","date":"Mon, 24 Dec 2018 12:18:45 GMT","etag":"\"4c87aab3b4c02f76065b58846bf79f7a:1539625744\"","expires":"Tue, 08 Jan 2019 12:18:45 GMT","last-modified":"Mon, 15 Oct 2018 17:49:04 GMT","server":"Apache","status":"200","vary":"Accept-Encoding"}},{"url":"https://tags.tiqcdn.com/utag/bbg/voa-pangea/prod/utag.7.js?utv=ut4.46.201802052058","mimeType":"application/x-javascript","path":"tags.tiqcdn.com/utag_bbg_voa-pangea_prod_utag.7.js","headers":{"accept-ranges":"bytes","cache-control":"max-age=1296000","content-encoding":"gzip","content-length":"734","content-type":"application/x-javascript","date":"Mon, 24 Dec 2018 12:18:45 GMT","etag":"\"c0eb457cce9c320e33752d1a3d24e4d4:1539625743\"","expires":"Tue, 08 Jan 2019 12:18:45 GMT","last-modified":"Mon, 15 Oct 2018 17:49:03 GMT","server":"Apache","status":"200","vary":"Accept-Encoding"}},{"url":"https://tags.tiqcdn.com/utag/bbg/voa-pangea/prod/utag.8.js?utv=ut4.46.201802052058","mimeType":"application/x-javascript","path":"tags.tiqcdn.com/utag_bbg_voa-pangea_prod_utag.8.js","headers":{"accept-ranges":"bytes","cache-control":"max-age=1296000","content-encoding":"gzip","content-length":"896","content-type":"application/x-javascript","date":"Mon, 24 Dec 2018 12:18:45 GMT","etag":"\"3ece1db8721b22bda4ae2005518410e0:1539625743\"","expires":"Tue, 08 Jan 2019 12:18:45 GMT","last-modified":"Mon, 15 Oct 2018 17:49:02 GMT","server":"Apache","status":"200","vary":"Accept-Encoding"}},{"url":"https://tags.tiqcdn.com/utag/bbg/voa-pangea/prod/utag.20.js?utv=ut4.46.201809082144","mimeType":"application/x-javascript","path":"tags.tiqcdn.com/utag_bbg_voa-pangea_prod_utag.20.js","headers":{"accept-ranges":"bytes","cache-control":"max-age=1296000","content-encoding":"gzip","content-length":"3568","content-type":"application/x-javascript","date":"Mon, 24 Dec 2018 12:18:45 GMT","etag":"\"0b3d95dbc62729248bc3f1e7d5b3caad:1539625721\"","expires":"Tue, 08 Jan 2019 12:18:45 GMT","last-modified":"Mon, 15 Oct 2018 17:48:41 GMT","server":"Apache","status":"200","vary":"Accept-Encoding"}},{"url":"https://tags.tiqcdn.com/utag/bbg/voa-pangea/prod/utag.13.js?utv=ut4.46.201802052058","mimeType":"application/x-javascript","path":"tags.tiqcdn.com/utag_bbg_voa-pangea_prod_utag.13.js","headers":{"accept-ranges":"bytes","cache-control":"max-age=1296000","content-encoding":"gzip","content-length":"2223","content-type":"application/x-javascript","date":"Mon, 24 Dec 2018 12:18:45 GMT","etag":"\"54c871e646762ab7d318bc031d810d1e:1539625717\"","expires":"Tue, 08 Jan 2019 12:18:45 GMT","last-modified":"Mon, 15 Oct 2018 17:48:37 GMT","server":"Apache","status":"200","vary":"Accept-Encoding"}},{"url":"https://connect.facebook.net/en_US/all.js","mimeType":"application/x-javascript","path":"connect.facebook.net/en_US_all.js","headers":{"access-control-expose-headers":"X-FB-Content-MD5","cache-control":"public,max-age=1200,stale-while-revalidate=3600","content-encoding":"gzip","content-length":"1933","content-md5":"VVGnudyGAH/UDCH1NZmZyw==","content-security-policy":"default-src * data: blob:;script-src *.facebook.com *.fbcdn.net *.facebook.net *.google-analytics.com *.virtualearth.net *.google.com 127.0.0.1:* *.spotilocal.com:* 'unsafe-inline' 'unsafe-eval' blob: data: 'self';style-src data: blob: 'unsafe-inline' *;connect-src *.facebook.com facebook.com *.fbcdn.net *.facebook.net *.spotilocal.com:* wss://*.facebook.com:* https://fb.scanandcleanlocal.com:* attachment.fbsbx.com ws://localhost:* blob: *.cdninstagram.com 'self' chrome-extension://boadgeojelhgndaghljhdicfkmllpafd chrome-extension://dliochdbjfkdbacpmhlcpmleaejidimm;","content-type":"application/x-javascript; charset=utf-8","date":"Mon, 24 Dec 2018 12:18:46 GMT","etag":"\"5fb237a0390674184990b67531435201\"","expires":"Mon, 24 Dec 2018 12:25:44 GMT","status":"200","timing-allow-origin":"*","vary":"Accept-Encoding","x-content-type-options":"nosniff","x-fb-content-md5":"8c48586bab279ab9794674d4a2d658a8","x-fb-debug":"8zte9t58KzTt75DWP5lkpP7RcZus8bOmO2D+L0of/pqWmANXrkVuUnuPEo3bcJIR0qgIDgjzY1OVMNaNiNPt0A==","x-frame-options":"DENY","x-xss-protection":"0"}},{"url":"https://sb.scorecardresearch.com/c2/6035794/cs.js","mimeType":"application/x-javascript","path":"sb.scorecardresearch.com/c2_6035794_cs.js","headers":{"Cache-Control":"private, no-transform, max-age=259200","Content-Encoding":"gzip","Content-Length":"20","Content-Type":"application/x-javascript","Date":"Mon, 24 Dec 2018 12:18:46 GMT","ETag":"\"d41d8cd98f00b204e9800998ecf8427e:1349196464\"","Expires":"Thu, 27 Dec 2018 12:18:46 GMT","Last-Modified":"Fri, 08 Apr 2011 23:11:26 GMT","Vary":"Accept-Encoding"}},{"url":"https://s3.amazonaws.com/new.cetrk.com/pages/scripts/0026/0255.js","mimeType":"application/x-javascript","path":"s3.amazonaws.com/new.cetrk.com_pages_scripts_0026_0255.js","headers":{"Accept-Ranges":"bytes","Cache-Control":"max-age=28800","Content-Length":"81","Content-Type":"application/x-javascript","Date":"Mon, 24 Dec 2018 12:18:47 GMT","ETag":"\"47be9ccbae00c59ad833735ed3ed91b6\"","Last-Modified":"Tue, 18 Dec 2018 21:47:04 GMT","Server":"AmazonS3","x-amz-id-2":"IonARkAEqYFQgVeECxpHJkZ8B1ibp+3/ZJFgUWh/xq12vwimf/Z7aUv3C/0REYvGx1Pl3pZv9PA=","x-amz-request-id":"C8585BF83D3436CB"}},{"url":"https://sb.scorecardresearch.com/b?c1=2&c2=6035794&ns__t=1545653928399&ns_c=UTF-8&c8=&c7=https%3A%2F%2Flearningenglish.voanews.com%2Fembed%2Fpoll%2F3837745.html&c9=https%3A%2F%2Flearningenglish.voanews.com%2Fa%2Flets-learn-english-lesson-one%2F3111026.html","mimeType":"text/plain","path":"sb.scorecardresearch.com/b","headers":{"Cache-Control":"private, no-cache, no-cache=Set-Cookie, no-store, proxy-revalidate","Connection":"keep-alive","Content-Length":"0","Date":"Mon, 24 Dec 2018 12:18:48 GMT","Expires":"Mon, 01 Jan 1990 00:00:00 GMT","Pragma":"no-cache"}},{"url":"https://secure.quantserve.com/quant.js","mimeType":"application/x-javascript","path":"secure.quantserve.com/quant.js","headers":{"Cache-Control":"private, no-transform, max-age=604800","Content-Encoding":"gzip","Content-Length":"5456","Content-Type":"application/x-javascript","Date":"Mon, 24 Dec 2018 12:18:46 GMT","ETag":"M0-e2b9884a","Expires":"Mon, 31 Dec 2018 12:18:46 GMT","Last-Modified":"Mon, 24-Dec-2018 12:18:46 GMT","Server":"QS","Vary":"Accept-Encoding"}},{"url":"https://cdn.optimizely.com/js/2326530349.js","mimeType":"text/javascript","path":"cdn.optimizely.com/js_2326530349.js","headers":{"accept-ranges":"bytes","access-control-allow-headers":"*","access-control-allow-methods":"GET, HEAD","access-control-allow-origin":"*","access-control-expose-headers":"x-amz-meta-revision","access-control-max-age":"86400","cache-control":"max-age=120","content-encoding":"gzip","content-length":"63607","content-type":"text/javascript; charset=utf-8","date":"Mon, 24 Dec 2018 12:18:45 GMT","etag":"\"d555adea453559aeb3f708ea558314e0\"","last-modified":"Fri, 25 Aug 2017 18:50:52 GMT","server":"AmazonS3","server-timing":"cdn;desc=\"AkamaiION\";dur=0,rtt;desc=\"15\";dur=0,cdnip;desc=\"23.47.112.225\";dur=0,cdnmap;desc=\"\";dur=0,proto;desc=\"h2\";dur=0","status":"200","timing-allow-origin":"*","vary":"Accept-Encoding","x-amz-id-2":"GdwlYDNep13TMaPqcjgfTYqVU+cOMHO5wHNU9/6a+8+C9zQntAb0h6Nn0KN4670g/WnyUJ5AJB0=","x-amz-meta-revision":"273","x-amz-request-id":"A92DF01031743F93","x-amz-version-id":"zcBNS9C..0cV5vv0XeLmT5j4jd6s_w9R"}},{"url":"https://connect.facebook.net/en_US/fbevents.js","mimeType":"application/x-javascript","path":"connect.facebook.net/en_US_fbevents.js","headers":{"cache-control":"public, max-age=1200","content-encoding":"gzip","content-length":"14861","content-security-policy":"default-src * data: blob:;script-src *.facebook.com *.fbcdn.net *.facebook.net *.google-analytics.com *.virtualearth.net *.google.com 127.0.0.1:* *.spotilocal.com:* 'unsafe-inline' 'unsafe-eval' blob: data: 'self';style-src data: blob: 'unsafe-inline' *;connect-src *.facebook.com facebook.com *.fbcdn.net *.facebook.net *.spotilocal.com:* wss://*.facebook.com:* https://fb.scanandcleanlocal.com:* attachment.fbsbx.com ws://localhost:* blob: *.cdninstagram.com 'self';","content-type":"application/x-javascript; charset=utf-8","date":"Mon, 24 Dec 2018 12:18:46 GMT","expires":"Sat, 01 Jan 2000 00:00:00 GMT","pragma":"public","status":"200","vary":"Accept-Encoding","x-content-type-options":"nosniff","x-fb-debug":"sx2T86MqEPFkkWP12o9iTNOIt3GtnOmoEMHOheFkQUZVmwamF4q7DunNBESQJ5/08uhu73mFhIipEJjDCWUAeQ==","x-frame-options":"DENY","x-xss-protection":"0"}},{"url":"https://ssl.google-analytics.com/ga.js","mimeType":"text/javascript","path":"ssl.google-analytics.com/ga.js","headers":{"age":"1170","alt-svc":"quic=\":443\"; ma=2592000; v=\"44,43,39,35\"","cache-control":"public, max-age=7200","content-encoding":"gzip","content-length":"17168","content-type":"text/javascript","date":"Mon, 24 Dec 2018 11:59:16 GMT","expires":"Mon, 24 Dec 2018 13:59:16 GMT","last-modified":"Mon, 05 Nov 2018 21:10:09 GMT","server":"Golfe2","status":"200","timing-allow-origin":"*","vary":"Accept-Encoding","x-content-type-options":"nosniff"}},{"url":"https://connect.facebook.net/en_US/all.js?hash=4af4dfee5b04f8841c3c8941317798a2&ua=modern_es6","mimeType":"application/x-javascript","path":"connect.facebook.net/en_US_all.js","headers":{"access-control-expose-headers":"X-FB-Content-MD5","cache-control":"public,max-age=31536000,stale-while-revalidate=3600,immutable","content-encoding":"gzip","content-length":"53615","content-md5":"znstHbe3VmjXqyjCOFIv/Q==","content-security-policy":"default-src * data: blob:;script-src *.facebook.com *.fbcdn.net *.facebook.net *.google-analytics.com *.virtualearth.net *.google.com 127.0.0.1:* *.spotilocal.com:* 'unsafe-inline' 'unsafe-eval' blob: data: 'self';style-src data: blob: 'unsafe-inline' *;connect-src *.facebook.com facebook.com *.fbcdn.net *.facebook.net *.spotilocal.com:* wss://*.facebook.com:* https://fb.scanandcleanlocal.com:* attachment.fbsbx.com ws://localhost:* blob: *.cdninstagram.com 'self' chrome-extension://boadgeojelhgndaghljhdicfkmllpafd chrome-extension://dliochdbjfkdbacpmhlcpmleaejidimm;","content-type":"application/x-javascript; charset=utf-8","date":"Mon, 24 Dec 2018 12:18:47 GMT","etag":"\"000bf3930ee9ac32b3a2bf039740aeef\"","expires":"Tue, 24 Dec 2019 11:13:36 GMT","status":"200","timing-allow-origin":"*","vary":"Accept-Encoding","x-content-type-options":"nosniff","x-fb-content-md5":"4c643f856fda3c2e02f253f511e414bf","x-fb-debug":"EBCGpo8d8nkUx6IQRZIGhVN4YPNlt+8X9Ck45PY6lG5Ipc+Vxl6A9IRLXvcJrqVO3wUEEW1/hsvAl2sys+lpbA==","x-frame-options":"DENY","x-xss-protection":"0"}},{"url":"https://rules.quantcount.com/rules-p-BgErSP_RLcMf_.js","mimeType":"application/x-javascript","path":"rules.quantcount.com/rules-p-BgErSP_RLcMf_.js","headers":{"accept-ranges":"bytes","age":"57656","cache-control":"max-age=86400","content-length":"3","content-type":"application/x-javascript","date":"Sun, 23 Dec 2018 20:17:51 GMT","etag":"\"8a80554c91d9fca8acb82f023de02f11\"","last-modified":"Sat, 04 Mar 2017 20:20:13 GMT","server":"AmazonS3","status":"200","via":"1.1 e5ca855eeeb9aa7a5f1f321a50f4fb76.cloudfront.net (CloudFront)","x-amz-cf-id":"W0auTRmEVg1ejKmslzWPvsKcnsttSXz4iHYxhUQS4AB5eSg4xtYI0A==","x-cache":"Hit from cloudfront"}},{"url":"https://connect.facebook.net/signals/config/266460157046590?v=2.8.35&r=stable","mimeType":"application/x-javascript","path":"connect.facebook.net/signals_config_266460157046590","headers":{"access-control-allow-credentials":"true","access-control-allow-methods":"OPTIONS","access-control-allow-origin":"https://connect.facebook.net","access-control-expose-headers":"X-FB-Debug, X-Loader-Length","cache-control":"public, max-age=1200","content-encoding":"gzip","content-length":"44257","content-security-policy":"default-src * data: blob:;script-src *.facebook.com *.fbcdn.net *.facebook.net *.google-analytics.com *.virtualearth.net *.google.com 127.0.0.1:* *.spotilocal.com:* 'unsafe-inline' 'unsafe-eval' blob: data: 'self';style-src data: blob: 'unsafe-inline' *;connect-src *.facebook.com facebook.com *.fbcdn.net *.facebook.net *.spotilocal.com:* wss://*.facebook.com:* https://fb.scanandcleanlocal.com:* attachment.fbsbx.com ws://localhost:* blob: *.cdninstagram.com 'self' chrome-extension://boadgeojelhgndaghljhdicfkmllpafd chrome-extension://dliochdbjfkdbacpmhlcpmleaejidimm;","content-type":"application/x-javascript; charset=utf-8","date":"Mon, 24 Dec 2018 12:18:46 GMT","expires":"Sat, 01 Jan 2000 00:00:00 GMT","pragma":"public","status":"200","vary":"Origin, Accept-Encoding","x-content-type-options":"nosniff","x-fb-debug":"e5dj2QhtlWmsnOgD5TUvoSecTUUYaR1+8K4bBa0MpEQEGdIUKQDj8EwJRRuFKhKBMs+SJWwGirEyv/cgz6TGrQ==","x-frame-options":"DENY","x-xss-protection":"0"}},{"url":"https://ssl.google-analytics.com/__utm.gif?utmwv=5.7.2&utms=2&utmn=1128753800&utmhn=learningenglish.voanews.com&utmcs=UTF-8&utmsr=1536x864&utmvp=259x150&utmsc=24-bit&utmul=en-us&utmje=0&utmfl=-&utmhid=101598877&utmr=0&utmp=%2Fembed%2Fpoll%2F3837745.html&utmht=1545653928500&utmac=UA-20661041-1&utmcc=__utma%3D185959086.400476920.1545653926.1545653926.1545653926.1%3B%2B__utmz%3D185959086.1545653926.1.1.utmcsr%3D(direct)%7Cutmccn%3D(direct)%7Cutmcmd%3D(none)%3B&utmjid=&utmu=qBAgAAAAAAAAAAAAAAAAAAAE~","mimeType":"image/gif","path":"ssl.google-analytics.com/__utm.gif","headers":{"access-control-allow-origin":"*","age":"375620","alt-svc":"quic=\":443\"; ma=2592000; v=\"44,43,39,35\"","cache-control":"no-cache, no-store, must-revalidate","content-length":"35","content-type":"image/gif","date":"Thu, 20 Dec 2018 03:58:28 GMT","expires":"Mon, 01 Jan 1990 00:00:00 GMT","last-modified":"Sun, 17 May 1998 03:00:00 GMT","pragma":"no-cache","server":"Golfe2","status":"200","x-content-type-options":"nosniff"}},{"url":"https://bbg.sc.omtrdc.net/b/ss/bbgprod,bbgentityvoa/1/JS-2.6.0/s64718284444420?AQB=1&ndh=1&pf=1&t=24%2F11%2F2018%2016%3A18%3A48%201%20-240&sdid=64CCD6CB0C3DA9EE-292081B45AFE5855&mid=62101374890402927642560330435823408328&aamlh=6&ce=UTF-8&ns=bbg&g=https%3A%2F%2Flearningenglish.voanews.com%2Fembed%2Fpoll%2F3837745.html&cc=USD&ch=%2Fembed&server=learningenglish.voanews.com&aamb=RKhpRz8krg2tLO6pguXWp5olkAcUniQYPHaMWWgdJ3xzPWQmdj0y&c1=https%3A%2F%2Flearningenglish.voanews.com%2Fembed%2Fpoll%2F3837745.html&v1=https%3A%2F%2Flearningenglish.voanews.com%2Fembed%2Fpoll%2F3837745.html&c15=english&v15=english&c16=voa%20learning%20english&v16=voa%20learning%20english&c17=responsive&v17=responsive&c20=yes&v20=yes&c23=62101374890402927642560330435823408328&v23=62101374890402927642560330435823408328&c24=0167e02735da001405c06158be6a03072005006a00978&v24=0167e02735da001405c06158be6a03072005006a00978&c25=voa&v25=voa&c27=VOA%20Learning%20English%20Responsive&v27=VOA%20Learning%20English%20Responsive&c29=learningenglish.voanews.com&v29=learningenglish.voanews.com&c30=473&v30=473&c31=https%3A%2F%2Flearningenglish.voanews.com%2Fembed%2Fpoll%2F3837745.html&v31=https%3A%2F%2Flearningenglish.voanews.com%2Fembed%2Fpoll%2F3837745.html&v70=2.6.0&v71=bbgprod-bbgentityvoa&c72=prod&v72=prod&c75=Adobe%20Update%202.6&v75=Adobe%20Update%202.6&s=1536x864&c=24&j=1.6&v=N&k=Y&bw=259&bh=150&mcorgid=518ABC7455E462B97F000101%40AdobeOrg&AQE=1","mimeType":"image/gif","path":"bbg.sc.omtrdc.net/b_ss_bbgprod_bbgentityvoa_1_JS-2.6.0_s64718284444420","headers":{"Access-Control-Allow-Origin":"*","Cache-Control":"no-cache, no-store, max-age=0, no-transform, private","Connection":"keep-alive","Content-Length":"43","Content-Type":"image/gif","Date":"Mon, 24 Dec 2018 12:18:48 GMT","ETag":"\"3319266535934033920-6171342190833372403\"","Expires":"Sun, 23 Dec 2018 12:18:48 GMT","Last-Modified":"Tue, 25 Dec 2018 12:18:48 GMT","P3P":"CP=\"This is not a P3P policy\"","Pragma":"no-cache","Server":"Omniture DC/2.0.0","Vary":"*","X-C":"ms-6.5.1","X-Content-Type-Options":"nosniff","X-XSS-Protection":"1; mode=block","xserver":"www52"}},{"url":"https://staticxx.facebook.com/connect/xd_arbiter/r/j-GHT1gpo6-.js?version=43","mimeType":"text/html","path":"staticxx.facebook.com/connect_xd_arbiter_r_j-GHT1gpo6-.js","headers":{"cache-control":"public,max-age=31536000,immutable","content-encoding":"br","content-length":"12056","content-security-policy":"default-src * data: blob:;script-src *.facebook.com *.fbcdn.net *.facebook.net *.google-analytics.com *.virtualearth.net *.google.com 127.0.0.1:* *.spotilocal.com:* 'unsafe-inline' 'unsafe-eval' blob: data: 'self';style-src data: blob: 'unsafe-inline' *;connect-src *.facebook.com facebook.com *.fbcdn.net *.facebook.net *.spotilocal.com:* wss://*.facebook.com:* https://fb.scanandcleanlocal.com:* attachment.fbsbx.com ws://localhost:* blob: *.cdninstagram.com 'self' chrome-extension://boadgeojelhgndaghljhdicfkmllpafd chrome-extension://dliochdbjfkdbacpmhlcpmleaejidimm;","content-type":"text/html; charset=utf-8","date":"Mon, 24 Dec 2018 12:18:47 GMT","expires":"Tue, 17 Dec 2019 23:18:53 GMT","status":"200","vary":"Accept-Encoding","x-content-type-options":"nosniff","x-fb-debug":"A16DDx+YTVVrBWy9Gnm8JaRSYNBb/KtBzvHYAlNLSD8+SIfhcewFpWqVqfLb7Y1OsA9BxxnSptcABASQojdi7A==","x-xss-protection":"0"}},{"url":"https://www.facebook.com/tr/?id=266460157046590&ev=PageView&dl=https%3A%2F%2Flearningenglish.voanews.com%2Fembed%2Fpoll%2F3837745.html&rl=https%3A%2F%2Flearningenglish.voanews.com%2Fa%2Flets-learn-english-lesson-one%2F3111026.html&if=true&ts=1545653928704&sw=1536&sh=864&v=2.8.35&r=stable&a=tmtealium&ec=0&o=30&fbp=fb.1.1545653927459.431890411&it=1545653928483&coo=false","mimeType":"image/gif","path":"www.facebook.com/tr_","headers":{"cache-control":"no-cache, must-revalidate, max-age=0","content-length":"44","content-type":"image/gif","date":"Mon, 24 Dec 2018 12:18:48 GMT","expires":"Mon, 24 Dec 2018 12:18:48 GMT","last-modified":"Fri, 21 Dec 2012 00:00:01 GMT","server":"proxygen-bolt","status":"200"}},{"url":"https://learningenglish.voanews.com/res?callback=_resourceLoaderReceiver_1&dependencies=facebook_video_snippet,sticky_player_facebook","mimeType":"application/javascript","path":"learningenglish.voanews.com/res","headers":{"cache-control":"max-age=0, no-cache, no-store","content-encoding":"gzip","content-language":"en","content-length":"2109","content-type":"application/javascript; charset=utf-8","date":"Mon, 24 Dec 2018 12:18:48 GMT","expires":"Mon, 24 Dec 2018 12:18:48 GMT","pragma":"no-cache","status":"200","strict-transport-security":"max-age=86400","vary":"Accept-Encoding","x-ua-compatible":"IE=edge","x-xss-protection":"1; mode=block"}},{"url":"https://staticxx.facebook.com/connect/xd_arbiter/r/j-GHT1gpo6-.js?version=43","mimeType":"text/html","path":"staticxx.facebook.com/connect_xd_arbiter_r_j-GHT1gpo6-.js","headers":{"cache-control":"public,max-age=31536000,immutable","content-encoding":"br","content-length":"12056","content-security-policy":"default-src * data: blob:;script-src *.facebook.com *.fbcdn.net *.facebook.net *.google-analytics.com *.virtualearth.net *.google.com 127.0.0.1:* *.spotilocal.com:* 'unsafe-inline' 'unsafe-eval' blob: data: 'self';style-src data: blob: 'unsafe-inline' *;connect-src *.facebook.com facebook.com *.fbcdn.net *.facebook.net *.spotilocal.com:* wss://*.facebook.com:* https://fb.scanandcleanlocal.com:* attachment.fbsbx.com ws://localhost:* blob: *.cdninstagram.com 'self' chrome-extension://boadgeojelhgndaghljhdicfkmllpafd chrome-extension://dliochdbjfkdbacpmhlcpmleaejidimm;","content-type":"text/html; charset=utf-8","date":"Mon, 24 Dec 2018 12:18:47 GMT","expires":"Tue, 17 Dec 2019 23:18:53 GMT","status":"200","vary":"Accept-Encoding","x-content-type-options":"nosniff","x-fb-debug":"A16DDx+YTVVrBWy9Gnm8JaRSYNBb/KtBzvHYAlNLSD8+SIfhcewFpWqVqfLb7Y1OsA9BxxnSptcABASQojdi7A==","x-xss-protection":"0"}},{"url":"https://learningenglish.voanews.com/res?callback=_resourceLoaderReceiver_2&dependencies=facebook_video_snippet,sticky_player_facebook,custom_print","mimeType":"application/javascript","path":"learningenglish.voanews.com/res","headers":{"cache-control":"max-age=0, no-cache, no-store","content-encoding":"gzip","content-language":"en","content-length":"4052","content-type":"application/javascript","date":"Mon, 24 Dec 2018 12:18:49 GMT","expires":"Mon, 24 Dec 2018 12:18:49 GMT","pragma":"no-cache","status":"200","strict-transport-security":"max-age=86400","vary":"Accept-Encoding","x-ua-compatible":"IE=edge","x-xss-protection":"1; mode=block"}},{"url":"https://staticxx.facebook.com/connect/xd_arbiter/r/j-GHT1gpo6-.js?version=43","mimeType":"text/html","path":"staticxx.facebook.com/connect_xd_arbiter_r_j-GHT1gpo6-.js","headers":{"cache-control":"public,max-age=31536000,immutable","content-encoding":"br","content-length":"12056","content-security-policy":"default-src * data: blob:;script-src *.facebook.com *.fbcdn.net *.facebook.net *.google-analytics.com *.virtualearth.net *.google.com 127.0.0.1:* *.spotilocal.com:* 'unsafe-inline' 'unsafe-eval' blob: data: 'self';style-src data: blob: 'unsafe-inline' *;connect-src *.facebook.com facebook.com *.fbcdn.net *.facebook.net *.spotilocal.com:* wss://*.facebook.com:* https://fb.scanandcleanlocal.com:* attachment.fbsbx.com ws://localhost:* blob: *.cdninstagram.com 'self' chrome-extension://boadgeojelhgndaghljhdicfkmllpafd chrome-extension://dliochdbjfkdbacpmhlcpmleaejidimm;","content-type":"text/html; charset=utf-8","date":"Mon, 24 Dec 2018 12:18:47 GMT","expires":"Tue, 17 Dec 2019 23:18:53 GMT","status":"200","vary":"Accept-Encoding","x-content-type-options":"nosniff","x-fb-debug":"A16DDx+YTVVrBWy9Gnm8JaRSYNBb/KtBzvHYAlNLSD8+SIfhcewFpWqVqfLb7Y1OsA9BxxnSptcABASQojdi7A==","x-xss-protection":"0"}},{"url":"https://learningenglish.voanews.com/Content/responsive/VOA/img/webApp/ico-128x128.png","mimeType":"image/png","path":"learningenglish.voanews.com/Content_responsive_VOA_img_webApp_ico-128x128.png","headers":{"accept-ranges":"bytes","cache-control":"public, max-age=3600","content-length":"772","content-type":"image/png","date":"Mon, 24 Dec 2018 12:18:49 GMT","expires":"Wed, 13 Dec 2017 11:56:42 GMT","last-modified":"Fri, 01 Dec 2017 11:35:23 GMT","status":"200","strict-transport-security":"max-age=86400","x-ua-compatible":"IE=edge","x-xss-protection":"1; mode=block"}},{"url":"https://learningenglish.voanews.com/Content/responsive/VOA/img/webApp/ico-192x192.png","mimeType":"image/png","path":"learningenglish.voanews.com/Content_responsive_VOA_img_webApp_ico-192x192.png","headers":{"accept-ranges":"bytes","cache-control":"public, max-age=3600","content-length":"1326","content-type":"image/png","date":"Mon, 24 Dec 2018 12:18:49 GMT","expires":"Sun, 23 Dec 2018 07:56:43 GMT","last-modified":"Thu, 19 Oct 2017 08:27:05 GMT","status":"200","strict-transport-security":"max-age=86400","x-ua-compatible":"IE=edge","x-xss-protection":"1; mode=block"}},{"url":"https://learningenglish.voanews.com/Content/responsive/VOA/img/webApp/favicon.ico","mimeType":"image/x-icon","path":"learningenglish.voanews.com/Content_responsive_VOA_img_webApp_favicon.ico","headers":{"accept-ranges":"bytes","cache-control":"public, max-age=3600","content-length":"8348","content-type":"image/x-icon","date":"Mon, 24 Dec 2018 12:18:49 GMT","expires":"Wed, 13 Dec 2017 10:41:43 GMT","last-modified":"Fri, 01 Dec 2017 11:35:23 GMT","status":"200","strict-transport-security":"max-age=86400","x-ua-compatible":"IE=edge","x-xss-protection":"1; mode=block"}}]